Fecha;Hora;Documento;Cliente;Nombre;Tipodoc;Usuario;Accion;Estado
20150603;1100;796715;300056;PROMOCIONES YERBA SARA;1;sbengoa;1;1
20150603;1100;796715;300056;PROMOCIONES YERBA SARA;1;sbengoa;2;1
20150603;1100;796715;300056;PROMOCIONES YERBA SARA;1;sbengoa;9;29
20150603;1101;796715;300056;PROMOCIONES YERBA SARA;1;Cron;17;49
20150603;1154;796715;300056;PROMOCIONES YERBA SARA;1;Cron;19;59
20150603;1154;796715;300056;PROMOCIONES YERBA SARA;1;Cron;20;59
20150603;1154;796715;300056;PROMOCIONES YERBA SARA;1;amartucc;21;69
20150604;1011;796980;300056;PROMOCIONES YERBA SARA;1;jalonso;1;1
20150604;1011;796980;300056;PROMOCIONES YERBA SARA;1;jalonso;2;1
20150604;1011;796980;300056;PROMOCIONES YERBA SARA;1;jalonso;4;1
20150604;1012;796980;300056;PROMOCIONES YERBA SARA;1;jalonso;9;29
20150604;1013;796980;300056;PROMOCIONES YERBA SARA;1;Cron;17;49
20150605;822;796980;300056;PROMOCIONES YERBA SARA;1;Cron;19;59
20150605;822;796980;300056;PROMOCIONES YERBA SARA;1;Cron;20;59
20150605;848;796980;300056;PROMOCIONES YERBA SARA;1;amartucc;21;69
20150608;1118;797310;300056;PROMOCIONES YERBA SARA;1;rgonzale;1;1
20150608;1119;797310;300056;PROMOCIONES YERBA SARA;1;rgonzale;2;1
20150608;1120;797310;300056;PROMOCIONES YERBA SARA;1;rgonzale;9;29
20150608;1121;797310;300056;PROMOCIONES YERBA SARA;1;Cron;17;49
20150608;1243;797321;300056;PROMOCIONES YERBA SARA;1;sbengoa;1;1
20150608;1243;797321;300056;PROMOCIONES YERBA SARA;1;sbengoa;2;1
20150608;1243;797321;300056;PROMOCIONES YERBA SARA;1;sbengoa;9;29
20150608;1244;797321;300056;PROMOCIONES YERBA SARA;1;Cron;17;49
20150609;836;797310;300056;PROMOCIONES YERBA SARA;1;Cron;19;59
20150609;836;797310;300056;PROMOCIONES YERBA SARA;1;Cron;20;59
20150609;836;797321;300056;PROMOCIONES YERBA SARA;1;Cron;19;59
20150609;836;797321;300056;PROMOCIONES YERBA SARA;1;Cron;20;59
20150609;857;797321;300056;PROMOCIONES YERBA SARA;1;amartucc;21;69
20150609;857;797310;300056;PROMOCIONES YERBA SARA;1;amartucc;21;69
20150612;728;798173;300056;PROMOCIONES YERBA SARA;1;rgonzale;1;1
20150612;730;798173;300056;PROMOCIONES YERBA SARA;1;rgonzale;2;1
20150612;730;798173;300056;PROMOCIONES YERBA SARA;1;rgonzale;9;29
20150612;731;798173;300056;PROMOCIONES YERBA SARA;1;Cron;17;49
20150612;900;798173;300056;PROMOCIONES YERBA SARA;1;Cron;19;59
20150612;900;798173;300056;PROMOCIONES YERBA SARA;1;Cron;20;59
20150612;901;798173;300056;PROMOCIONES YERBA SARA;1;amartucc;21;69
20150616;1156;798756;300056;PROMOCIONES YERBA SARA;1;sbengoa;1;1
20150616;1157;798756;300056;PROMOCIONES YERBA SARA;1;sbengoa;2;1
20150616;1157;798756;300056;PROMOCIONES YERBA SARA;1;sbengoa;9;29
20150616;1158;798756;300056;PROMOCIONES YERBA SARA;1;Cron;17;49
20150616;1306;798756;300056;PROMOCIONES YERBA SARA;1;Cron;19;59
20150616;1306;798756;300056;PROMOCIONES YERBA SARA;1;Cron;20;59
20150616;1310;798756;300056;PROMOCIONES YERBA SARA;1;amartucc;21;69
20150617;1202;799031;300056;PROMOCIONES YERBA SARA;1;rgonzale;1;1
20150617;1204;799031;300056;PROMOCIONES YERBA SARA;1;rgonzale;2;1
20150617;1204;799031;300056;PROMOCIONES YERBA SARA;1;rgonzale;9;29
20150617;1205;799031;300056;PROMOCIONES YERBA SARA;1;Cron;17;49
20150618;919;799165;300056;PROMOCIONES YERBA SARA;1;sbengoa;1;1
20150618;920;799165;300056;PROMOCIONES YERBA SARA;1;sbengoa;2;1
20150618;920;799165;300056;PROMOCIONES YERBA SARA;1;sbengoa;9;29
20150618;921;799165;300056;PROMOCIONES YERBA SARA;1;Cron;17;49
20150618;1006;799170;300056;PROMOCIONES YERBA SARA;1;sbengoa;1;1
20150618;1007;799170;300056;PROMOCIONES YERBA SARA;1;sbengoa;2;1
20150618;1007;799170;300056;PROMOCIONES YERBA SARA;1;sbengoa;9;29
20150618;1008;799170;300056;PROMOCIONES YERBA SARA;1;Cron;17;49
20150618;1459;799165;300056;PROMOCIONES YERBA SARA;1;Cron;19;59
20150618;1459;799165;300056;PROMOCIONES YERBA SARA;1;Cron;20;59
20150618;1459;799170;300056;PROMOCIONES YERBA SARA;1;Cron;19;59
20150618;1459;799170;300056;PROMOCIONES YERBA SARA;1;Cron;20;59
20150618;1501;799031;300056;PROMOCIONES YERBA SARA;1;Cron;19;59
20150618;1501;799031;300056;PROMOCIONES YERBA SARA;1;Cron;20;59
20150618;1504;799165;300056;PROMOCIONES YERBA SARA;1;amartucc;21;69
20150618;1504;799170;300056;PROMOCIONES YERBA SARA;1;amartucc;21;69
20150618;1504;799031;300056;PROMOCIONES YERBA SARA;1;amartucc;21;69
20150622;1039;799590;300056;PROMOCIONES YERBA SARA;1;rgonzale;1;1
20150622;1043;799590;300056;PROMOCIONES YERBA SARA;1;rgonzale;2;1
20150622;1043;799590;300056;PROMOCIONES YERBA SARA;1;rgonzale;9;29
20150622;1044;799590;300056;PROMOCIONES YERBA SARA;1;Cron;17;49
20150622;1429;799590;300056;PROMOCIONES YERBA SARA;1;Cron;19;59
20150622;1429;799590;300056;PROMOCIONES YERBA SARA;1;Cron;20;59
20150622;1437;799590;300056;PROMOCIONES YERBA SARA;1;amartucc;21;69
20150625;1703;800510;300056;PROMOCIONES YERBA SARA;1;sbengoa;1;1
20150625;1704;800510;300056;PROMOCIONES YERBA SARA;1;sbengoa;2;1
20150625;1704;800510;300056;PROMOCIONES YERBA SARA;1;sbengoa;9;29
20150625;1705;800510;300056;PROMOCIONES YERBA SARA;1;Cron;17;49
20150626;1125;800510;300056;PROMOCIONES YERBA SARA;1;Cron;19;59
20150626;1125;800510;300056;PROMOCIONES YERBA SARA;1;Cron;20;59
20150626;1124;800510;300056;PROMOCIONES YERBA SARA;1;amartucc;21;69
20150629;1338;800890;300056;PROMOCIONES YERBA SARA;1;rgonzale;1;1
20150629;1343;800890;300056;PROMOCIONES YERBA SARA;1;rgonzale;2;1
20150629;1343;800890;300056;PROMOCIONES YERBA SARA;1;rgonzale;9;29
20150629;1344;800890;300056;PROMOCIONES YERBA SARA;1;Cron;17;49
20150629;1420;800902;300056;PROMOCIONES YERBA SARA;1;jalonso;1;1
20150629;1421;800902;300056;PROMOCIONES YERBA SARA;1;jalonso;2;1
20150629;1421;800902;300056;PROMOCIONES YERBA SARA;1;jalonso;9;29
20150629;1422;800902;300056;PROMOCIONES YERBA SARA;1;Cron;17;49
20150630;1343;800902;300056;PROMOCIONES YERBA SARA;1;Cron;19;59
20150630;1343;800902;300056;PROMOCIONES YERBA SARA;1;Cron;20;59
20150630;1342;801116;300056;PROMOCIONES YERBA SARA;1;rgonzale;1;1
20150630;1343;801116;300056;PROMOCIONES YERBA SARA;1;rgonzale;2;1
20150630;1347;801116;300056;PROMOCIONES YERBA SARA;1;rgonzale;9;29
20150630;1347;800902;300056;PROMOCIONES YERBA SARA;1;amartucc;21;69
20150630;1348;801116;300056;PROMOCIONES YERBA SARA;1;Cron;17;49
20150630;1421;800890;300056;PROMOCIONES YERBA SARA;1;Cron;19;59
20150630;1421;800890;300056;PROMOCIONES YERBA SARA;1;Cron;20;59
20150630;1423;800890;300056;PROMOCIONES YERBA SARA;1;amartucc;21;69
20150701;935;801208;300056;PROMOCIONES YERBA SARA;1;rgonzale;1;1
20150701;935;801209;300056;PROMOCIONES YERBA SARA;1;rgonzale;1;1
20150701;946;801208;300056;PROMOCIONES YERBA SARA;1;rgonzale;2;1
20150701;946;801209;300056;PROMOCIONES YERBA SARA;1;rgonzale;2;1
20150701;946;801208;300056;PROMOCIONES YERBA SARA;1;rgonzale;9;29
20150701;946;801209;300056;PROMOCIONES YERBA SARA;1;rgonzale;9;29
20150701;947;801208;300056;PROMOCIONES YERBA SARA;1;Cron;17;49
20150701;947;801209;300056;PROMOCIONES YERBA SARA;1;Cron;17;49
20150701;955;801210;300056;PROMOCIONES YERBA SARA;1;rgonzale;1;1
20150701;956;801210;300056;PROMOCIONES YERBA SARA;1;rgonzale;2;1
20150701;956;801210;300056;PROMOCIONES YERBA SARA;1;rgonzale;9;29
20150701;957;801210;300056;PROMOCIONES YERBA SARA;1;Cron;17;49
20150701;1105;801116;300056;PROMOCIONES YERBA SARA;1;Cron;19;59
20150701;1105;801116;300056;PROMOCIONES YERBA SARA;1;Cron;20;59
20150701;1105;801210;300056;PROMOCIONES YERBA SARA;1;Cron;19;59
20150701;1105;801210;300056;PROMOCIONES YERBA SARA;1;Cron;20;59
20150701;1105;801210;300056;PROMOCIONES YERBA SARA;1;amartucc;21;69
20150701;1105;801116;300056;PROMOCIONES YERBA SARA;1;amartucc;21;69
20150701;1435;801208;300056;PROMOCIONES YERBA SARA;1;Cron;19;59
20150701;1435;801208;300056;PROMOCIONES YERBA SARA;1;Cron;20;59
20150701;1440;801208;300056;PROMOCIONES YERBA SARA;1;amartucc;21;69
20150701;1451;801209;300056;PROMOCIONES YERBA SARA;1;Cron;19;59
20150701;1451;801209;300056;PROMOCIONES YERBA SARA;1;Cron;20;59
20150701;1504;801209;300056;PROMOCIONES YERBA SARA;1;amartucc;21;69
20150709;1440;802674;300056;PROMOCIONES YERBA SARA;1;jalonso;1;1
20150709;1441;802674;300056;PROMOCIONES YERBA SARA;1;jalonso;2;1
20150709;1441;802674;300056;PROMOCIONES YERBA SARA;1;jalonso;9;29
20150709;1442;802674;300056;PROMOCIONES YERBA SARA;1;Cron;17;49
20150710;857;802674;300056;PROMOCIONES YERBA SARA;1;Cron;19;59
20150710;857;802674;300056;PROMOCIONES YERBA SARA;1;Cron;20;59
20150710;905;802674;300056;PROMOCIONES YERBA SARA;1;amartucc;21;69
20150601;1406;796243;300650;PINTURAS GRANITOL S.A.;1;rgonzale;1;1
20150601;1409;796243;300650;PINTURAS GRANITOL S.A.;1;rgonzale;2;1
20150601;1410;796243;300650;PINTURAS GRANITOL S.A.;1;rgonzale;9;19
20150601;1445;796243;300650;PINTURAS GRANITOL S.A.;1;calzaga;14;29
20150601;1446;796243;300650;PINTURAS GRANITOL S.A.;1;Cron;17;49
20150602;1504;796243;300650;PINTURAS GRANITOL S.A.;1;Cron;19;59
20150602;1504;796243;300650;PINTURAS GRANITOL S.A.;1;Cron;20;59
20150602;1512;796243;300650;PINTURAS GRANITOL S.A.;1;amartucc;21;69
20150608;1359;797350;300650;PINTURAS GRANITOL S.A.;1;rgonzale;1;1
20150608;1406;797350;300650;PINTURAS GRANITOL S.A.;1;rgonzale;2;1
20150608;1406;797350;300650;PINTURAS GRANITOL S.A.;1;rgonzale;9;19
20150608;1424;797350;300650;PINTURAS GRANITOL S.A.;1;calzaga;14;29
20150608;1425;797350;300650;PINTURAS GRANITOL S.A.;1;Cron;17;49
20150610;1600;797350;300650;PINTURAS GRANITOL S.A.;1;Cron;19;59
20150610;1600;797350;300650;PINTURAS GRANITOL S.A.;1;Cron;20;59
20150610;1619;797350;300650;PINTURAS GRANITOL S.A.;1;amartucc;21;69
20150624;1017;800139;300650;PINTURAS GRANITOL S.A.;1;rgonzale;1;1
20150624;1036;800139;300650;PINTURAS GRANITOL S.A.;1;rgonzale;2;1
20150624;1036;800139;300650;PINTURAS GRANITOL S.A.;1;rgonzale;9;19
20150624;1040;800139;300650;PINTURAS GRANITOL S.A.;1;mesteva;14;29
20150624;1041;800139;300650;PINTURAS GRANITOL S.A.;1;Cron;17;49
20150624;1441;800139;300650;PINTURAS GRANITOL S.A.;1;Cron;19;59
20150624;1441;800139;300650;PINTURAS GRANITOL S.A.;1;Cron;20;59
20150624;1452;800139;300650;PINTURAS GRANITOL S.A.;1;amartucc;21;69
20150629;1552;800957;300650;PINTURAS GRANITOL S.A.;1;rgonzale;1;1
20150629;1612;800957;300650;PINTURAS GRANITOL S.A.;1;rgonzale;2;1
20150629;1617;800957;300650;PINTURAS GRANITOL S.A.;1;rgonzale;9;19
20150629;1705;800957;300650;PINTURAS GRANITOL S.A.;1;mesteva;14;29
20150629;1706;800957;300650;PINTURAS GRANITOL S.A.;1;Cron;17;49
20150630;1431;800957;300650;PINTURAS GRANITOL S.A.;1;Cron;19;59
20150630;1431;800957;300650;PINTURAS GRANITOL S.A.;1;Cron;20;59
20150630;1433;800957;300650;PINTURAS GRANITOL S.A.;1;amartucc;21;69
20150706;1443;801958;300650;PINTURAS GRANITOL S.A.;1;sbengoa;1;1
20150706;1448;801958;300650;PINTURAS GRANITOL S.A.;1;sbengoa;2;1
20150706;1448;801958;300650;PINTURAS GRANITOL S.A.;1;sbengoa;9;19
20150706;1525;801958;300650;PINTURAS GRANITOL S.A.;1;mesteva;14;29
20150706;1526;801958;300650;PINTURAS GRANITOL S.A.;1;Cron;17;49
20150707;907;802120;300650;PINTURAS GRANITOL S.A.;1;jalonso;1;1
20150707;907;802120;300650;PINTURAS GRANITOL S.A.;1;jalonso;2;1
20150707;922;802120;300650;PINTURAS GRANITOL S.A.;1;rgonzale;9;19
20150707;936;802120;300650;PINTURAS GRANITOL S.A.;1;mesteva;14;29
20150707;937;802120;300650;PINTURAS GRANITOL S.A.;1;Cron;17;49
20150707;1425;801958;300650;PINTURAS GRANITOL S.A.;1;Cron;19;59
20150707;1425;801958;300650;PINTURAS GRANITOL S.A.;1;Cron;20;59
20150707;1425;802120;300650;PINTURAS GRANITOL S.A.;1;Cron;19;59
20150707;1425;802120;300650;PINTURAS GRANITOL S.A.;1;Cron;20;59
20150707;1436;801958;300650;PINTURAS GRANITOL S.A.;1;amartucc;21;69
20150707;1436;802120;300650;PINTURAS GRANITOL S.A.;1;amartucc;21;69
20150603;1450;796788;301511;CHATILLON S.A.;1;rgonzale;1;1
20150603;1451;796788;301511;CHATILLON S.A.;1;rgonzale;2;1
20150603;1451;796788;301511;CHATILLON S.A.;1;rgonzale;9;19
20150603;1514;796788;301511;CHATILLON S.A.;1;calzaga;14;29
20150603;1515;796788;301511;CHATILLON S.A.;1;Cron;17;49
20150604;856;796788;301511;CHATILLON S.A.;1;Cron;19;59
20150604;856;796788;301511;CHATILLON S.A.;1;Cron;20;59
20150604;856;796788;301511;CHATILLON S.A.;1;amartucc;21;69
20150604;1152;797004;301511;CHATILLON S.A.;1;rpazos;1;88
20150604;1153;797004;301511;CHATILLON S.A.;1;rpazos;2;88
20150604;1153;797004;301511;CHATILLON S.A.;1;rpazos;45;88
20150604;1154;797004;301511;CHATILLON S.A.;1;rpazos;20;88
20150604;1154;797004;301511;CHATILLON S.A.;1;rpazos;21;68
20150611;1515;798139;301511;CHATILLON S.A.;1;rpazos;1;88
20150611;1515;798139;301511;CHATILLON S.A.;1;rpazos;2;88
20150611;1515;798139;301511;CHATILLON S.A.;1;rpazos;45;88
20150611;1515;798139;301511;CHATILLON S.A.;1;rpazos;20;88
20150611;1515;798139;301511;CHATILLON S.A.;1;rpazos;21;68
20150630;1637;801158;301511;CHATILLON S.A.;1;rpazos;1;88
20150630;1638;801158;301511;CHATILLON S.A.;1;rpazos;2;88
20150630;1639;801158;301511;CHATILLON S.A.;1;rpazos;20;88
20150630;1639;801158;301511;CHATILLON S.A.;1;rpazos;21;68
20150707;826;802105;301511;CHATILLON S.A.;1;jalonso;1;1
20150707;828;802105;301511;CHATILLON S.A.;1;jalonso;2;1
20150707;846;802105;301511;CHATILLON S.A.;1;jalonso;9;19
20150707;849;802105;301511;CHATILLON S.A.;1;mesteva;14;29
20150707;850;802105;301511;CHATILLON S.A.;1;Cron;17;49
20150707;1051;802105;301511;CHATILLON S.A.;1;Cron;19;59
20150707;1051;802105;301511;CHATILLON S.A.;1;Cron;20;59
20150707;1052;802105;301511;CHATILLON S.A.;1;amartucc;21;69
20150602;1233;796493;306855;PROMOCIONES TE PRESIDENT;1;sbengoa;1;1
20150602;1233;796493;306855;PROMOCIONES TE PRESIDENT;1;sbengoa;2;1
20150602;1233;796493;306855;PROMOCIONES TE PRESIDENT;1;sbengoa;9;29
20150602;1234;796493;306855;PROMOCIONES TE PRESIDENT;1;Cron;17;49
20150602;1424;796493;306855;PROMOCIONES TE PRESIDENT;1;Cron;19;59
20150602;1424;796493;306855;PROMOCIONES TE PRESIDENT;1;Cron;20;59
20150602;1508;796493;306855;PROMOCIONES TE PRESIDENT;1;amartucc;21;69
20150603;1410;796765;306855;PROMOCIONES TE PRESIDENT;1;jalonso;1;1
20150603;1411;796765;306855;PROMOCIONES TE PRESIDENT;1;jalonso;2;1
20150603;1411;796765;306855;PROMOCIONES TE PRESIDENT;1;jalonso;9;29
20150603;1412;796765;306855;PROMOCIONES TE PRESIDENT;1;Cron;17;49
20150603;1443;796782;306855;PROMOCIONES TE PRESIDENT;1;jalonso;1;1
20150603;1443;796783;306855;PROMOCIONES TE PRESIDENT;1;jalonso;1;1
20150603;1448;796782;306855;PROMOCIONES TE PRESIDENT;1;jalonso;2;1
20150603;1448;796783;306855;PROMOCIONES TE PRESIDENT;1;jalonso;2;1
20150603;1449;796782;306855;PROMOCIONES TE PRESIDENT;1;jalonso;9;29
20150603;1449;796783;306855;PROMOCIONES TE PRESIDENT;1;jalonso;9;29
20150603;1450;796782;306855;PROMOCIONES TE PRESIDENT;1;Cron;17;49
20150603;1450;796783;306855;PROMOCIONES TE PRESIDENT;1;Cron;17;49
20150604;932;796765;306855;PROMOCIONES TE PRESIDENT;1;Cron;19;59
20150604;932;796765;306855;PROMOCIONES TE PRESIDENT;1;Cron;20;59
20150604;932;796765;306855;PROMOCIONES TE PRESIDENT;1;amartucc;21;69
20150608;1116;796783;306855;PROMOCIONES TE PRESIDENT;1;Cron;19;59
20150608;1116;796783;306855;PROMOCIONES TE PRESIDENT;1;Cron;20;59
20150608;1118;796782;306855;PROMOCIONES TE PRESIDENT;1;Cron;19;59
20150608;1118;796782;306855;PROMOCIONES TE PRESIDENT;1;Cron;20;59
20150608;1120;796783;306855;PROMOCIONES TE PRESIDENT;1;amartucc;21;69
20150608;1121;796782;306855;PROMOCIONES TE PRESIDENT;1;amartucc;21;69
20150611;1155;798090;306855;PROMOCIONES TE PRESIDENT;1;rgonzale;1;1
20150611;1155;798090;306855;PROMOCIONES TE PRESIDENT;1;rgonzale;2;1
20150611;1156;798090;306855;PROMOCIONES TE PRESIDENT;1;rgonzale;9;29
20150611;1157;798090;306855;PROMOCIONES TE PRESIDENT;1;Cron;17;49
20150612;1044;798090;306855;PROMOCIONES TE PRESIDENT;1;Cron;19;59
20150612;1044;798090;306855;PROMOCIONES TE PRESIDENT;1;Cron;20;59
20150612;1045;798090;306855;PROMOCIONES TE PRESIDENT;1;amartucc;21;69
20150615;1518;798569;306855;PROMOCIONES TE PRESIDENT;1;rgonzale;1;1
20150615;1525;798569;306855;PROMOCIONES TE PRESIDENT;1;rgonzale;2;1
20150615;1525;798569;306855;PROMOCIONES TE PRESIDENT;1;rgonzale;9;29
20150615;1526;798569;306855;PROMOCIONES TE PRESIDENT;1;Cron;17;49
20150616;838;798569;306855;PROMOCIONES TE PRESIDENT;1;Cron;19;59
20150616;838;798569;306855;PROMOCIONES TE PRESIDENT;1;Cron;20;59
20150616;846;798668;306855;PROMOCIONES TE PRESIDENT;1;rgonzale;1;1
20150616;847;798668;306855;PROMOCIONES TE PRESIDENT;1;rgonzale;2;1
20150616;847;798668;306855;PROMOCIONES TE PRESIDENT;1;rgonzale;9;29
20150616;848;798668;306855;PROMOCIONES TE PRESIDENT;1;Cron;17;49
20150616;850;798569;306855;PROMOCIONES TE PRESIDENT;1;amartucc;21;69
20150616;1114;798668;306855;PROMOCIONES TE PRESIDENT;1;Cron;19;59
20150616;1114;798668;306855;PROMOCIONES TE PRESIDENT;1;Cron;20;59
20150616;1124;798668;306855;PROMOCIONES TE PRESIDENT;1;amartucc;21;69
20150616;1156;798755;306855;PROMOCIONES TE PRESIDENT;1;sbengoa;1;1
20150616;1157;798755;306855;PROMOCIONES TE PRESIDENT;1;sbengoa;2;1
20150616;1157;798755;306855;PROMOCIONES TE PRESIDENT;1;sbengoa;9;29
20150616;1158;798755;306855;PROMOCIONES TE PRESIDENT;1;Cron;17;49
20150616;1330;798755;306855;PROMOCIONES TE PRESIDENT;1;Cron;19;59
20150616;1330;798755;306855;PROMOCIONES TE PRESIDENT;1;Cron;20;59
20150616;1342;798755;306855;PROMOCIONES TE PRESIDENT;1;amartucc;21;69
20150622;1458;799682;306855;PROMOCIONES TE PRESIDENT;1;jalonso;1;1
20150622;1459;799682;306855;PROMOCIONES TE PRESIDENT;1;jalonso;2;1
20150622;1459;799682;306855;PROMOCIONES TE PRESIDENT;1;jalonso;9;29
20150622;1500;799682;306855;PROMOCIONES TE PRESIDENT;1;Cron;17;49
20150623;1449;799682;306855;PROMOCIONES TE PRESIDENT;1;Cron;19;59
20150623;1449;799682;306855;PROMOCIONES TE PRESIDENT;1;Cron;20;59
20150623;1452;799682;306855;PROMOCIONES TE PRESIDENT;1;amartucc;21;69
20150624;1627;800269;306855;PROMOCIONES TE PRESIDENT;1;sbengoa;1;1
20150624;1628;800269;306855;PROMOCIONES TE PRESIDENT;1;sbengoa;2;1
20150624;1629;800269;306855;PROMOCIONES TE PRESIDENT;1;sbengoa;9;29
20150624;1630;800269;306855;PROMOCIONES TE PRESIDENT;1;Cron;17;49
20150624;1647;800269;306855;PROMOCIONES TE PRESIDENT;1;Cron;19;59
20150624;1647;800269;306855;PROMOCIONES TE PRESIDENT;1;Cron;20;59
20150624;1646;800269;306855;PROMOCIONES TE PRESIDENT;1;amartucc;21;69
20150625;845;800365;306855;PROMOCIONES TE PRESIDENT;1;sbengoa;1;1
20150625;847;800365;306855;PROMOCIONES TE PRESIDENT;1;sbengoa;2;1
20150625;847;800365;306855;PROMOCIONES TE PRESIDENT;1;sbengoa;9;29
20150625;848;800365;306855;PROMOCIONES TE PRESIDENT;1;Cron;17;49
20150625;915;800365;306855;PROMOCIONES TE PRESIDENT;1;Cron;19;59
20150625;915;800365;306855;PROMOCIONES TE PRESIDENT;1;Cron;20;59
20150625;917;800365;306855;PROMOCIONES TE PRESIDENT;1;amartucc;21;69
20150625;1547;800494;306855;PROMOCIONES TE PRESIDENT;1;sbengoa;1;1
20150625;1548;800494;306855;PROMOCIONES TE PRESIDENT;1;sbengoa;2;1
20150625;1548;800494;306855;PROMOCIONES TE PRESIDENT;1;sbengoa;9;29
20150625;1549;800494;306855;PROMOCIONES TE PRESIDENT;1;Cron;17;49
20150626;903;800494;306855;PROMOCIONES TE PRESIDENT;1;Cron;19;59
20150626;903;800494;306855;PROMOCIONES TE PRESIDENT;1;Cron;20;59
20150626;1009;800494;306855;PROMOCIONES TE PRESIDENT;1;amartucc;21;69
20150629;1421;800903;306855;PROMOCIONES TE PRESIDENT;1;jalonso;1;1
20150629;1422;800903;306855;PROMOCIONES TE PRESIDENT;1;jalonso;2;1
20150629;1422;800903;306855;PROMOCIONES TE PRESIDENT;1;jalonso;9;29
20150629;1423;800903;306855;PROMOCIONES TE PRESIDENT;1;Cron;17;49
20150629;1639;800978;306855;PROMOCIONES TE PRESIDENT;1;rgonzale;1;1
20150629;1640;800978;306855;PROMOCIONES TE PRESIDENT;1;rgonzale;2;1
20150629;1643;800978;306855;PROMOCIONES TE PRESIDENT;1;rgonzale;9;29
20150629;1644;800978;306855;PROMOCIONES TE PRESIDENT;1;Cron;17;49
20150630;1031;801074;306855;PROMOCIONES TE PRESIDENT;1;jalonso;1;1
20150630;1032;801074;306855;PROMOCIONES TE PRESIDENT;1;jalonso;2;1
20150630;1032;801074;306855;PROMOCIONES TE PRESIDENT;1;jalonso;9;29
20150630;1033;801074;306855;PROMOCIONES TE PRESIDENT;1;Cron;17;49
20150630;1341;801074;306855;PROMOCIONES TE PRESIDENT;1;Cron;19;59
20150630;1341;801074;306855;PROMOCIONES TE PRESIDENT;1;Cron;20;59
20150630;1343;800903;306855;PROMOCIONES TE PRESIDENT;1;Cron;19;59
20150630;1343;800903;306855;PROMOCIONES TE PRESIDENT;1;Cron;20;59
20150630;1343;800978;306855;PROMOCIONES TE PRESIDENT;1;Cron;19;59
20150630;1343;800978;306855;PROMOCIONES TE PRESIDENT;1;Cron;20;59
20150630;1346;800978;306855;PROMOCIONES TE PRESIDENT;1;amartucc;21;69
20150630;1347;801074;306855;PROMOCIONES TE PRESIDENT;1;amartucc;21;69
20150630;1347;800903;306855;PROMOCIONES TE PRESIDENT;1;amartucc;21;69
20150601;1249;796206;308745;DIAGEO URUGUAY S.A.;1;rpazos;1;1
20150601;1251;796206;308745;DIAGEO URUGUAY S.A.;1;sbengoa;2;1
20150601;1249;796217;308745;DIAGEO URUGUAY S.A.;1;rpazos;1;1
20150601;1252;796217;308745;DIAGEO URUGUAY S.A.;1;rpazos;2;1
20150601;1252;796217;308745;DIAGEO URUGUAY S.A.;1;rpazos;45;1
20150601;1252;796206;308745;DIAGEO URUGUAY S.A.;1;rpazos;45;1
20150601;1252;796217;308745;DIAGEO URUGUAY S.A.;1;rpazos;27;88
20150601;1252;796206;308745;DIAGEO URUGUAY S.A.;1;rpazos;27;88
20150601;1252;796217;308745;DIAGEO URUGUAY S.A.;1;rpazos;20;88
20150601;1252;796206;308745;DIAGEO URUGUAY S.A.;1;rpazos;20;88
20150601;1253;796217;308745;DIAGEO URUGUAY S.A.;1;rpazos;21;68
20150601;1253;796206;308745;DIAGEO URUGUAY S.A.;1;rpazos;21;68
20150602;1454;796554;308745;DIAGEO URUGUAY S.A.;1;rpazos;1;1
20150602;1454;796556;308745;DIAGEO URUGUAY S.A.;1;rpazos;1;1
20150602;1455;796554;308745;DIAGEO URUGUAY S.A.;1;rgonzale;2;1
20150602;1455;796556;308745;DIAGEO URUGUAY S.A.;1;rgonzale;2;1
20150602;1454;796557;308745;DIAGEO URUGUAY S.A.;1;rpazos;1;1
20150602;1455;796557;308745;DIAGEO URUGUAY S.A.;1;rpazos;2;1
20150602;1455;796554;308745;DIAGEO URUGUAY S.A.;1;rpazos;27;88
20150602;1455;796556;308745;DIAGEO URUGUAY S.A.;1;rpazos;27;88
20150602;1456;796557;308745;DIAGEO URUGUAY S.A.;1;rpazos;27;88
20150602;1456;796554;308745;DIAGEO URUGUAY S.A.;1;rpazos;45;88
20150602;1456;796556;308745;DIAGEO URUGUAY S.A.;1;rpazos;45;88
20150602;1456;796557;308745;DIAGEO URUGUAY S.A.;1;rpazos;45;88
20150602;1456;796554;308745;DIAGEO URUGUAY S.A.;1;rpazos;20;88
20150602;1456;796556;308745;DIAGEO URUGUAY S.A.;1;rpazos;20;88
20150602;1456;796557;308745;DIAGEO URUGUAY S.A.;1;rpazos;20;88
20150602;1457;796554;308745;DIAGEO URUGUAY S.A.;1;rpazos;21;68
20150602;1457;796556;308745;DIAGEO URUGUAY S.A.;1;rpazos;21;68
20150602;1457;796557;308745;DIAGEO URUGUAY S.A.;1;rpazos;21;68
20150603;1143;796732;308745;DIAGEO URUGUAY S.A.;1;rpazos;1;88
20150603;1143;796732;308745;DIAGEO URUGUAY S.A.;1;rpazos;2;88
20150603;1146;796732;308745;DIAGEO URUGUAY S.A.;1;rpazos;45;88
20150603;1146;796732;308745;DIAGEO URUGUAY S.A.;1;rpazos;20;88
20150603;1146;796732;308745;DIAGEO URUGUAY S.A.;1;rpazos;21;68
20150603;1335;796759;308745;DIAGEO URUGUAY S.A.;1;rpazos;1;88
20150603;1335;796759;308745;DIAGEO URUGUAY S.A.;1;rpazos;2;88
20150603;1335;796759;308745;DIAGEO URUGUAY S.A.;1;rpazos;45;88
20150603;1335;796759;308745;DIAGEO URUGUAY S.A.;1;rpazos;20;88
20150603;1335;796759;308745;DIAGEO URUGUAY S.A.;1;rpazos;21;68
20150604;1033;796986;308745;DIAGEO URUGUAY S.A.;1;rpazos;1;88
20150604;1034;796986;308745;DIAGEO URUGUAY S.A.;1;rpazos;2;88
20150604;1034;796986;308745;DIAGEO URUGUAY S.A.;1;rpazos;45;88
20150604;1034;796986;308745;DIAGEO URUGUAY S.A.;1;rpazos;20;88
20150604;1034;796986;308745;DIAGEO URUGUAY S.A.;1;rpazos;21;68
20150604;1058;796988;308745;DIAGEO URUGUAY S.A.;1;rpazos;1;1
20150604;1059;796988;308745;DIAGEO URUGUAY S.A.;1;rpazos;2;1
20150604;1059;796988;308745;DIAGEO URUGUAY S.A.;1;rpazos;45;1
20150604;1100;796988;308745;DIAGEO URUGUAY S.A.;1;rpazos;27;88
20150604;1100;796988;308745;DIAGEO URUGUAY S.A.;1;rpazos;20;88
20150604;1100;796988;308745;DIAGEO URUGUAY S.A.;1;rpazos;21;68
20150611;1335;798108;308745;DIAGEO URUGUAY S.A.;1;rpazos;1;88
20150611;1346;798108;308745;DIAGEO URUGUAY S.A.;1;sbengoa;2;88
20150611;1335;798111;308745;DIAGEO URUGUAY S.A.;1;rpazos;1;88
20150611;1347;798111;308745;DIAGEO URUGUAY S.A.;1;rpazos;45;88
20150611;1348;798108;308745;DIAGEO URUGUAY S.A.;1;rpazos;45;88
20150611;1355;798111;308745;DIAGEO URUGUAY S.A.;1;rgonzale;2;88
20150611;1527;798141;308745;DIAGEO URUGUAY S.A.;1;rpazos;1;1
20150611;1527;798142;308745;DIAGEO URUGUAY S.A.;1;rpazos;1;1
20150611;1529;798141;308745;DIAGEO URUGUAY S.A.;1;rpazos;2;1
20150611;1529;798142;308745;DIAGEO URUGUAY S.A.;1;rpazos;2;1
20150611;1529;798141;308745;DIAGEO URUGUAY S.A.;1;rpazos;45;1
20150611;1529;798142;308745;DIAGEO URUGUAY S.A.;1;rpazos;45;1
20150611;1529;798141;308745;DIAGEO URUGUAY S.A.;1;rpazos;27;88
20150611;1529;798142;308745;DIAGEO URUGUAY S.A.;1;rpazos;27;88
20150611;1529;798141;308745;DIAGEO URUGUAY S.A.;1;rpazos;20;88
20150611;1529;798142;308745;DIAGEO URUGUAY S.A.;1;rpazos;20;88
20150611;1529;798108;308745;DIAGEO URUGUAY S.A.;1;rpazos;20;88
20150611;1529;798111;308745;DIAGEO URUGUAY S.A.;1;rpazos;20;88
20150611;1530;798141;308745;DIAGEO URUGUAY S.A.;1;rpazos;21;68
20150611;1530;798142;308745;DIAGEO URUGUAY S.A.;1;rpazos;21;68
20150611;1530;798108;308745;DIAGEO URUGUAY S.A.;1;rpazos;21;68
20150611;1530;798111;308745;DIAGEO URUGUAY S.A.;1;rpazos;21;68
20150616;722;798601;308745;DIAGEO URUGUAY S.A.;1;rpazos;1;88
20150616;722;798602;308745;DIAGEO URUGUAY S.A.;1;rpazos;1;88
20150616;725;798601;308745;DIAGEO URUGUAY S.A.;1;rpazos;2;88
20150616;725;798602;308745;DIAGEO URUGUAY S.A.;1;rpazos;2;88
20150616;725;798601;308745;DIAGEO URUGUAY S.A.;1;rpazos;45;88
20150616;725;798602;308745;DIAGEO URUGUAY S.A.;1;rpazos;45;88
20150616;725;798601;308745;DIAGEO URUGUAY S.A.;1;rpazos;20;88
20150616;725;798602;308745;DIAGEO URUGUAY S.A.;1;rpazos;20;88
20150616;725;798601;308745;DIAGEO URUGUAY S.A.;1;rpazos;21;68
20150616;725;798602;308745;DIAGEO URUGUAY S.A.;1;rpazos;21;68
20150617;1102;799015;308745;DIAGEO URUGUAY S.A.;1;rpazos;1;1
20150617;1103;799015;308745;DIAGEO URUGUAY S.A.;1;rpazos;2;1
20150617;1103;799015;308745;DIAGEO URUGUAY S.A.;1;rpazos;27;88
20150617;1104;799015;308745;DIAGEO URUGUAY S.A.;1;rpazos;45;88
20150617;1104;799015;308745;DIAGEO URUGUAY S.A.;1;rpazos;20;88
20150617;1104;799015;308745;DIAGEO URUGUAY S.A.;1;rpazos;21;68
20150623;1448;799948;308745;DIAGEO URUGUAY S.A.;1;rpazos;1;88
20150623;1449;799948;308745;DIAGEO URUGUAY S.A.;1;rpazos;2;88
20150623;1449;799948;308745;DIAGEO URUGUAY S.A.;1;rpazos;45;88
20150623;1449;799948;308745;DIAGEO URUGUAY S.A.;1;rpazos;20;88
20150623;1449;799948;308745;DIAGEO URUGUAY S.A.;1;rpazos;21;68
20150623;1520;799959;308745;DIAGEO URUGUAY S.A.;1;rpazos;1;1
20150623;1523;799959;308745;DIAGEO URUGUAY S.A.;1;rpazos;2;1
20150623;1523;799959;308745;DIAGEO URUGUAY S.A.;1;rpazos;27;88
20150623;1523;799959;308745;DIAGEO URUGUAY S.A.;1;rpazos;45;88
20150623;1530;799959;308745;DIAGEO URUGUAY S.A.;1;rpazos;20;88
20150623;1530;799959;308745;DIAGEO URUGUAY S.A.;1;rpazos;21;68
20150624;1149;800182;308745;DIAGEO URUGUAY S.A.;1;rpazos;1;1
20150624;1149;800183;308745;DIAGEO URUGUAY S.A.;1;rpazos;1;1
20150624;1149;800184;308745;DIAGEO URUGUAY S.A.;1;rpazos;1;1
20150624;1150;800182;308745;DIAGEO URUGUAY S.A.;1;rgonzale;2;1
20150624;1150;800183;308745;DIAGEO URUGUAY S.A.;1;rgonzale;2;1
20150624;1150;800184;308745;DIAGEO URUGUAY S.A.;1;rgonzale;2;1
20150624;1151;800184;308745;DIAGEO URUGUAY S.A.;1;rpazos;27;88
20150624;1151;800183;308745;DIAGEO URUGUAY S.A.;1;rpazos;27;88
20150624;1151;800182;308745;DIAGEO URUGUAY S.A.;1;rpazos;27;88
20150624;1151;800184;308745;DIAGEO URUGUAY S.A.;1;rpazos;45;88
20150624;1152;800182;308745;DIAGEO URUGUAY S.A.;1;rpazos;45;88
20150624;1152;800183;308745;DIAGEO URUGUAY S.A.;1;rpazos;45;88
20150624;1152;800183;308745;DIAGEO URUGUAY S.A.;1;rpazos;20;88
20150624;1152;800184;308745;DIAGEO URUGUAY S.A.;1;rpazos;20;88
20150624;1152;800182;308745;DIAGEO URUGUAY S.A.;1;rpazos;20;88
20150624;1153;800183;308745;DIAGEO URUGUAY S.A.;1;rpazos;21;68
20150624;1153;800184;308745;DIAGEO URUGUAY S.A.;1;rpazos;21;68
20150624;1153;800182;308745;DIAGEO URUGUAY S.A.;1;rpazos;21;68
20150624;1521;800259;308745;DIAGEO URUGUAY S.A.;1;rpazos;1;88
20150624;1523;800259;308745;DIAGEO URUGUAY S.A.;1;rpazos;2;88
20150624;1523;800259;308745;DIAGEO URUGUAY S.A.;1;rpazos;45;88
20150624;1524;800259;308745;DIAGEO URUGUAY S.A.;1;rpazos;20;88
20150624;1524;800259;308745;DIAGEO URUGUAY S.A.;1;rpazos;21;68
20150624;1532;800262;308745;DIAGEO URUGUAY S.A.;1;rpazos;1;1
20150624;1534;800262;308745;DIAGEO URUGUAY S.A.;1;rpazos;45;1
20150624;1534;800262;308745;DIAGEO URUGUAY S.A.;1;rpazos;2;1
20150624;1534;800262;308745;DIAGEO URUGUAY S.A.;1;rpazos;27;88
20150624;1534;800262;308745;DIAGEO URUGUAY S.A.;1;rpazos;20;88
20150624;1535;800262;308745;DIAGEO URUGUAY S.A.;1;rpazos;21;68
20150625;1146;800422;308745;DIAGEO URUGUAY S.A.;1;rpazos;1;88
20150625;1146;800423;308745;DIAGEO URUGUAY S.A.;1;rpazos;1;88
20150625;1148;800422;308745;DIAGEO URUGUAY S.A.;1;rpazos;2;88
20150625;1148;800423;308745;DIAGEO URUGUAY S.A.;1;rpazos;2;88
20150625;1148;800422;308745;DIAGEO URUGUAY S.A.;1;rpazos;45;88
20150625;1148;800423;308745;DIAGEO URUGUAY S.A.;1;rpazos;45;88
20150625;1148;800422;308745;DIAGEO URUGUAY S.A.;1;rpazos;20;88
20150625;1148;800423;308745;DIAGEO URUGUAY S.A.;1;rpazos;20;88
20150625;1149;800422;308745;DIAGEO URUGUAY S.A.;1;rpazos;21;68
20150625;1149;800423;308745;DIAGEO URUGUAY S.A.;1;rpazos;21;68
20150603;903;796638;300074;PROMOCIONES MERISANT;1;sbengoa;1;1
20150603;904;796638;300074;PROMOCIONES MERISANT;1;sbengoa;2;1
20150603;904;796638;300074;PROMOCIONES MERISANT;1;sbengoa;9;29
20150603;905;796638;300074;PROMOCIONES MERISANT;1;Cron;17;49
20150603;1154;796638;300074;PROMOCIONES MERISANT;1;Cron;19;59
20150603;1154;796638;300074;PROMOCIONES MERISANT;1;Cron;20;59
20150603;1154;796638;300074;PROMOCIONES MERISANT;1;amartucc;21;69
20150603;1302;796042;300074;PROMOCIONES MERISANT;1;Cron;19;59
20150603;1302;796042;300074;PROMOCIONES MERISANT;1;Cron;20;59
20150603;1304;796042;300074;PROMOCIONES MERISANT;1;amartucc;21;69
20150603;1446;796785;300074;PROMOCIONES MERISANT;1;jalonso;1;1
20150603;1446;796786;300074;PROMOCIONES MERISANT;1;jalonso;1;1
20150603;1448;796785;300074;PROMOCIONES MERISANT;1;jalonso;2;1
20150603;1448;796786;300074;PROMOCIONES MERISANT;1;jalonso;2;1
20150603;1449;796785;300074;PROMOCIONES MERISANT;1;jalonso;9;29
20150603;1450;796786;300074;PROMOCIONES MERISANT;1;jalonso;9;29
20150603;1450;796785;300074;PROMOCIONES MERISANT;1;Cron;17;49
20150603;1450;796786;300074;PROMOCIONES MERISANT;1;Cron;17;49
20150608;1118;796785;300074;PROMOCIONES MERISANT;1;Cron;19;59
20150608;1118;796785;300074;PROMOCIONES MERISANT;1;Cron;20;59
20150608;1118;796786;300074;PROMOCIONES MERISANT;1;Cron;19;59
20150608;1118;796786;300074;PROMOCIONES MERISANT;1;Cron;20;59
20150608;1120;796785;300074;PROMOCIONES MERISANT;1;amartucc;21;69
20150608;1121;796786;300074;PROMOCIONES MERISANT;1;amartucc;21;69
20150615;1518;798568;300074;PROMOCIONES MERISANT;1;rgonzale;1;1
20150615;1525;798568;300074;PROMOCIONES MERISANT;1;rgonzale;2;1
20150615;1525;798568;300074;PROMOCIONES MERISANT;1;rgonzale;9;29
20150615;1526;798568;300074;PROMOCIONES MERISANT;1;Cron;17;49
20150616;838;798568;300074;PROMOCIONES MERISANT;1;Cron;19;59
20150616;838;798568;300074;PROMOCIONES MERISANT;1;Cron;20;59
20150616;850;798568;300074;PROMOCIONES MERISANT;1;amartucc;21;69
20150623;1451;799949;300074;PROMOCIONES MERISANT;1;jalonso;1;1
20150623;1456;799949;300074;PROMOCIONES MERISANT;1;jalonso;2;1
20150623;1456;799949;300074;PROMOCIONES MERISANT;1;jalonso;9;29
20150623;1457;799949;300074;PROMOCIONES MERISANT;1;Cron;17;49
20150624;913;799949;300074;PROMOCIONES MERISANT;1;Cron;19;59
20150624;913;799949;300074;PROMOCIONES MERISANT;1;Cron;20;59
20150624;947;799949;300074;PROMOCIONES MERISANT;1;amartucc;21;69
20150624;1627;800268;300074;PROMOCIONES MERISANT;1;sbengoa;1;1
20150624;1628;800268;300074;PROMOCIONES MERISANT;1;sbengoa;2;1
20150624;1629;800268;300074;PROMOCIONES MERISANT;1;sbengoa;9;29
20150624;1630;800268;300074;PROMOCIONES MERISANT;1;Cron;17;49
20150624;1647;800268;300074;PROMOCIONES MERISANT;1;Cron;19;59
20150624;1647;800268;300074;PROMOCIONES MERISANT;1;Cron;20;59
20150624;1646;800268;300074;PROMOCIONES MERISANT;1;amartucc;21;69
20150625;845;800366;300074;PROMOCIONES MERISANT;1;sbengoa;1;1
20150625;847;800366;300074;PROMOCIONES MERISANT;1;sbengoa;4;1
20150625;847;800366;300074;PROMOCIONES MERISANT;1;sbengoa;9;19
20150625;847;800366;300074;PROMOCIONES MERISANT;1;sbengoa;2;19
20150625;847;800366;300074;PROMOCIONES MERISANT;1;sbengoa;10;1
20150625;847;800366;300074;PROMOCIONES MERISANT;1;sbengoa;9;29
20150625;848;800366;300074;PROMOCIONES MERISANT;1;Cron;17;49
20150625;915;800366;300074;PROMOCIONES MERISANT;1;Cron;19;59
20150625;915;800366;300074;PROMOCIONES MERISANT;1;Cron;20;59
20150625;917;800366;300074;PROMOCIONES MERISANT;1;amartucc;21;69
20150629;1601;800953;300074;PROMOCIONES MERISANT;1;jalonso;1;1
20150629;1612;800953;300074;PROMOCIONES MERISANT;1;rgonzale;2;1
20150629;1659;800953;300074;PROMOCIONES MERISANT;1;rgonzale;9;29
20150629;1700;800953;300074;PROMOCIONES MERISANT;1;Cron;17;49
20150630;1147;800953;300074;PROMOCIONES MERISANT;1;Cron;19;59
20150630;1147;800953;300074;PROMOCIONES MERISANT;1;Cron;20;59
20150630;1151;800953;300074;PROMOCIONES MERISANT;1;amartucc;21;69
20150701;1501;801307;300074;PROMOCIONES MERISANT;1;jalonso;1;1
20150701;1503;801307;300074;PROMOCIONES MERISANT;1;jalonso;2;1
20150701;1503;801307;300074;PROMOCIONES MERISANT;1;jalonso;9;29
20150701;1504;801307;300074;PROMOCIONES MERISANT;1;Cron;17;49
20150702;841;801307;300074;PROMOCIONES MERISANT;1;Cron;19;59
20150702;841;801307;300074;PROMOCIONES MERISANT;1;Cron;20;59
20150702;842;801307;300074;PROMOCIONES MERISANT;1;amartucc;21;69
20150708;1609;802501;300074;PROMOCIONES MERISANT;1;sbengoa;1;1
20150708;1610;802501;300074;PROMOCIONES MERISANT;1;sbengoa;2;1
20150708;1610;802501;300074;PROMOCIONES MERISANT;1;sbengoa;9;29
20150708;1611;802501;300074;PROMOCIONES MERISANT;1;Cron;17;49
20150709;837;802501;300074;PROMOCIONES MERISANT;1;Cron;19;59
20150709;837;802501;300074;PROMOCIONES MERISANT;1;Cron;20;59
20150709;844;802501;300074;PROMOCIONES MERISANT;1;amartucc;21;69
20150611;1516;798140;300421;ATLANTIS S.A.;1;rpazos;1;88
20150611;1516;798140;300421;ATLANTIS S.A.;1;rpazos;2;88
20150611;1517;798140;300421;ATLANTIS S.A.;1;rpazos;4;88
20150611;1517;798140;300421;ATLANTIS S.A.;1;rpazos;45;88
20150611;1517;798140;300421;ATLANTIS S.A.;1;rpazos;20;88
20150611;1517;798140;300421;ATLANTIS S.A.;1;rpazos;21;68
20150630;1537;801156;300421;ATLANTIS S.A.;1;rpazos;1;88
20150630;1537;801156;300421;ATLANTIS S.A.;1;rpazos;2;88
20150630;1538;801156;300421;ATLANTIS S.A.;1;rpazos;45;88
20150630;1538;801156;300421;ATLANTIS S.A.;1;rpazos;20;88
20150630;1538;801156;300421;ATLANTIS S.A.;1;rpazos;21;68
20150609;1301;797622;300640;OLGA GONZALEZ-LAVADERO CAIROLI;1;jalonso;1;1
20150609;1302;797622;300640;OLGA GONZALEZ-LAVADERO CAIROLI;1;jalonso;2;1
20150609;1302;797622;300640;OLGA GONZALEZ-LAVADERO CAIROLI;1;jalonso;4;1
20150609;1302;797622;300640;OLGA GONZALEZ-LAVADERO CAIROLI;1;jalonso;9;29
20150609;1303;797622;300640;OLGA GONZALEZ-LAVADERO CAIROLI;1;Cron;17;49
20150609;1452;797622;300640;OLGA GONZALEZ-LAVADERO CAIROLI;1;Cron;19;59
20150609;1452;797622;300640;OLGA GONZALEZ-LAVADERO CAIROLI;1;Cron;20;59
20150609;1503;797622;300640;OLGA GONZALEZ-LAVADERO CAIROLI;1;amartucc;21;69
20150604;1425;797012;303235;GANISOL S.A.;1;jalonso;1;1
20150604;1426;797012;303235;GANISOL S.A.;1;jalonso;2;1
20150604;1426;797012;303235;GANISOL S.A.;1;jalonso;9;29
20150604;1427;797012;303235;GANISOL S.A.;1;Cron;17;49
20150605;1406;797012;303235;GANISOL S.A.;1;Cron;19;59
20150605;1406;797012;303235;GANISOL S.A.;1;Cron;20;59
20150605;1407;797012;303235;GANISOL S.A.;1;amartucc;21;69
20150624;1007;800131;303235;GANISOL S.A.;1;jalonso;1;1
20150624;1007;800131;303235;GANISOL S.A.;1;jalonso;2;1
20150624;1007;800131;303235;GANISOL S.A.;1;jalonso;9;29
20150624;1008;800131;303235;GANISOL S.A.;1;Cron;17;49
20150624;1601;800131;303235;GANISOL S.A.;1;Cron;19;59
20150624;1601;800131;303235;GANISOL S.A.;1;Cron;20;59
20150624;1603;800131;303235;GANISOL S.A.;1;amartucc;21;69
20150601;952;796150;304660;JULIO CESAR LESTIDO S.A.;1;rgonzale;1;1
20150601;953;796150;304660;JULIO CESAR LESTIDO S.A.;1;rgonzale;2;1
20150601;953;796150;304660;JULIO CESAR LESTIDO S.A.;1;rgonzale;9;29
20150601;954;796150;304660;JULIO CESAR LESTIDO S.A.;1;Cron;17;49
20150601;1356;796150;304660;JULIO CESAR LESTIDO S.A.;1;Cron;19;59
20150601;1356;796150;304660;JULIO CESAR LESTIDO S.A.;1;Cron;20;59
20150601;1431;796150;304660;JULIO CESAR LESTIDO S.A.;1;amartucc;21;69
20150608;906;797263;304660;JULIO CESAR LESTIDO S.A.;1;rgonzale;1;1
20150608;909;797263;304660;JULIO CESAR LESTIDO S.A.;1;rgonzale;2;1
20150608;909;797263;304660;JULIO CESAR LESTIDO S.A.;1;rgonzale;9;29
20150608;910;797263;304660;JULIO CESAR LESTIDO S.A.;1;Cron;17;49
20150608;1206;797263;304660;JULIO CESAR LESTIDO S.A.;1;Cron;19;59
20150608;1206;797263;304660;JULIO CESAR LESTIDO S.A.;1;Cron;20;59
20150608;1246;797263;304660;JULIO CESAR LESTIDO S.A.;1;amartucc;21;69
20150610;1434;797914;304660;JULIO CESAR LESTIDO S.A.;1;rgonzale;1;1
20150610;1458;797914;304660;JULIO CESAR LESTIDO S.A.;1;rgonzale;2;1
20150610;1459;797914;304660;JULIO CESAR LESTIDO S.A.;1;rgonzale;9;29
20150610;1500;797914;304660;JULIO CESAR LESTIDO S.A.;1;Cron;17;49
20150611;1428;797914;304660;JULIO CESAR LESTIDO S.A.;1;Cron;19;59
20150611;1428;797914;304660;JULIO CESAR LESTIDO S.A.;1;Cron;20;59
20150611;1439;797914;304660;JULIO CESAR LESTIDO S.A.;1;amartucc;21;69
20150629;814;800714;304660;JULIO CESAR LESTIDO S.A.;1;rgonzale;1;1
20150629;830;800714;304660;JULIO CESAR LESTIDO S.A.;1;rgonzale;2;1
20150629;837;800714;304660;JULIO CESAR LESTIDO S.A.;1;rgonzale;9;29
20150629;838;800714;304660;JULIO CESAR LESTIDO S.A.;1;Cron;17;49
20150629;1253;800714;304660;JULIO CESAR LESTIDO S.A.;1;Cron;19;59
20150629;1253;800714;304660;JULIO CESAR LESTIDO S.A.;1;Cron;20;59
20150629;1255;800714;304660;JULIO CESAR LESTIDO S.A.;1;amartucc;21;69
20150702;759;801429;304660;JULIO CESAR LESTIDO S.A.;1;rgonzale;1;1
20150702;800;801429;304660;JULIO CESAR LESTIDO S.A.;1;rgonzale;2;1
20150702;800;801429;304660;JULIO CESAR LESTIDO S.A.;1;rgonzale;9;29
20150702;801;801429;304660;JULIO CESAR LESTIDO S.A.;1;Cron;17;49
20150702;1613;801429;304660;JULIO CESAR LESTIDO S.A.;1;Cron;19;59
20150702;1613;801429;304660;JULIO CESAR LESTIDO S.A.;1;Cron;20;59
20150702;1617;801429;304660;JULIO CESAR LESTIDO S.A.;1;amartucc;21;69
20150708;1359;802442;304660;JULIO CESAR LESTIDO S.A.;1;rgonzale;1;1
20150708;1401;802442;304660;JULIO CESAR LESTIDO S.A.;1;rgonzale;2;1
20150708;1401;802442;304660;JULIO CESAR LESTIDO S.A.;1;rgonzale;9;29
20150708;1403;802442;304660;JULIO CESAR LESTIDO S.A.;1;Cron;17;49
20150708;1531;802442;304660;JULIO CESAR LESTIDO S.A.;1;Cron;19;59
20150708;1531;802442;304660;JULIO CESAR LESTIDO S.A.;1;Cron;20;59
20150708;1540;802442;304660;JULIO CESAR LESTIDO S.A.;1;amartucc;21;69
20150622;1348;799652;331255;LEDABAL S.A.;1;NESTLE;1;1
20150622;1348;799653;331255;LEDABAL S.A.;1;NESTLE;1;1
20150622;1348;799654;331255;LEDABAL S.A.;1;NESTLE;1;1
20150622;1348;799652;331255;LEDABAL S.A.;1;jalonso;2;1
20150622;1348;799653;331255;LEDABAL S.A.;1;jalonso;2;1
20150622;1348;799654;331255;LEDABAL S.A.;1;jalonso;2;1
20150622;1350;799652;331255;LEDABAL S.A.;1;jalonso;9;19
20150622;1350;799653;331255;LEDABAL S.A.;1;jalonso;9;19
20150622;1350;799654;331255;LEDABAL S.A.;1;jalonso;9;19
20150622;1516;799652;331255;LEDABAL S.A.;1;mesteva;14;29
20150622;1516;799653;331255;LEDABAL S.A.;1;mesteva;14;29
20150622;1516;799654;331255;LEDABAL S.A.;1;mesteva;14;29
20150622;1517;799652;331255;LEDABAL S.A.;1;Cron;17;49
20150622;1517;799653;331255;LEDABAL S.A.;1;Cron;17;49
20150622;1517;799654;331255;LEDABAL S.A.;1;Cron;17;49
20150625;1323;799652;331255;LEDABAL S.A.;1;Cron;19;59
20150625;1323;799652;331255;LEDABAL S.A.;1;Cron;20;59
20150625;1323;799653;331255;LEDABAL S.A.;1;Cron;19;59
20150625;1323;799653;331255;LEDABAL S.A.;1;Cron;20;59
20150625;1323;799654;331255;LEDABAL S.A.;1;Cron;19;59
20150625;1323;799654;331255;LEDABAL S.A.;1;Cron;20;59
20150625;1324;799652;331255;LEDABAL S.A.;1;amartucc;21;69
20150625;1324;799653;331255;LEDABAL S.A.;1;amartucc;21;69
20150625;1324;799654;331255;LEDABAL S.A.;1;amartucc;21;69
20150602;1048;796470;340013;CADIZ SRL.;1;NESTLE;1;1
20150602;1051;796470;340013;CADIZ SRL.;1;rgonzale;2;1
20150602;1051;796470;340013;CADIZ SRL.;1;rgonzale;9;29
20150602;1052;796470;340013;CADIZ SRL.;1;Cron;17;49
20150602;1344;796470;340013;CADIZ SRL.;1;Cron;19;59
20150602;1344;796470;340013;CADIZ SRL.;1;Cron;20;59
20150602;1407;796470;340013;CADIZ SRL.;1;amartucc;21;69
20150608;1253;797322;340013;CADIZ SRL.;1;rgonzale;1;1
20150608;1253;797322;340013;CADIZ SRL.;1;rgonzale;2;1
20150608;1254;797322;340013;CADIZ SRL.;1;rgonzale;9;29
20150608;1255;797322;340013;CADIZ SRL.;1;Cron;17;49
20150609;1354;797322;340013;CADIZ SRL.;1;Cron;19;59
20150609;1354;797322;340013;CADIZ SRL.;1;Cron;20;59
20150609;1430;797322;340013;CADIZ SRL.;1;amartucc;21;69
20150622;1348;799651;340013;CADIZ SRL.;1;NESTLE;1;1
20150622;1348;799651;340013;CADIZ SRL.;1;jalonso;2;1
20150622;1348;799651;340013;CADIZ SRL.;1;jalonso;9;29
20150622;1349;799651;340013;CADIZ SRL.;1;Cron;17;49
20150623;1411;799651;340013;CADIZ SRL.;1;Cron;19;59
20150623;1411;799651;340013;CADIZ SRL.;1;Cron;20;59
20150623;1443;799651;340013;CADIZ SRL.;1;amartucc;21;69
20150603;1039;796714;340057;LA AVENIDA S.R.L.;1;NESTLE;1;1
20150603;1039;796714;340057;LA AVENIDA S.R.L.;1;sbengoa;2;1
20150603;1040;796714;340057;LA AVENIDA S.R.L.;1;sbengoa;9;19
20150603;1100;796714;340057;LA AVENIDA S.R.L.;1;calzaga;14;29
20150603;1101;796714;340057;LA AVENIDA S.R.L.;1;Cron;17;49
20150603;1350;796714;340057;LA AVENIDA S.R.L.;1;Cron;19;59
20150603;1350;796714;340057;LA AVENIDA S.R.L.;1;Cron;20;59
20150603;1438;796714;340057;LA AVENIDA S.R.L.;1;amartucc;21;69
20150610;1202;797865;340057;LA AVENIDA S.R.L.;1;NESTLE;1;1
20150610;1202;797865;340057;LA AVENIDA S.R.L.;1;sbengoa;2;1
20150610;1202;797865;340057;LA AVENIDA S.R.L.;1;sbengoa;9;19
20150610;1213;797865;340057;LA AVENIDA S.R.L.;1;calzaga;14;29
20150610;1214;797865;340057;LA AVENIDA S.R.L.;1;Cron;17;49
20150610;1536;797865;340057;LA AVENIDA S.R.L.;1;Cron;19;59
20150610;1536;797865;340057;LA AVENIDA S.R.L.;1;Cron;20;59
20150610;1548;797865;340057;LA AVENIDA S.R.L.;1;amartucc;21;69
20150611;1610;798159;340057;LA AVENIDA S.R.L.;1;NESTLE;1;1
20150611;1610;798159;340057;LA AVENIDA S.R.L.;1;sbengoa;2;1
20150611;1610;798159;340057;LA AVENIDA S.R.L.;1;sbengoa;9;19
20150611;1611;798159;340057;LA AVENIDA S.R.L.;1;sbengoa;10;1
20150611;1611;798159;340057;LA AVENIDA S.R.L.;1;sbengoa;4;1
20150611;1611;798159;340057;LA AVENIDA S.R.L.;1;sbengoa;9;19
20150612;859;798159;340057;LA AVENIDA S.R.L.;1;calzaga;14;29
20150612;900;798159;340057;LA AVENIDA S.R.L.;1;Cron;17;49
20150612;1534;798159;340057;LA AVENIDA S.R.L.;1;Cron;19;59
20150612;1534;798159;340057;LA AVENIDA S.R.L.;1;Cron;20;59
20150612;1535;798159;340057;LA AVENIDA S.R.L.;1;amartucc;21;69
20150622;946;799572;340057;LA AVENIDA S.R.L.;1;NESTLE;1;1
20150622;946;799572;340057;LA AVENIDA S.R.L.;1;jalonso;2;1
20150622;947;799572;340057;LA AVENIDA S.R.L.;1;jalonso;4;1
20150622;947;799572;340057;LA AVENIDA S.R.L.;1;jalonso;9;19
20150622;1010;799572;340057;LA AVENIDA S.R.L.;1;mesteva;14;29
20150622;1011;799572;340057;LA AVENIDA S.R.L.;1;Cron;17;49
20150622;1119;799572;340057;LA AVENIDA S.R.L.;1;Cron;19;59
20150622;1119;799572;340057;LA AVENIDA S.R.L.;1;Cron;20;59
20150622;1119;799572;340057;LA AVENIDA S.R.L.;1;amartucc;21;69
20150609;1236;797613;341271;FEROX S.R.L.;1;NESTLE;1;1
20150609;1236;797614;341271;FEROX S.R.L.;1;NESTLE;1;1
20150609;1236;797613;341271;FEROX S.R.L.;1;sbengoa;2;1
20150609;1236;797614;341271;FEROX S.R.L.;1;sbengoa;2;1
20150609;1236;797613;341271;FEROX S.R.L.;1;sbengoa;9;19
20150609;1236;797614;341271;FEROX S.R.L.;1;sbengoa;9;19
20150609;1259;797613;341271;FEROX S.R.L.;1;calzaga;14;29
20150609;1259;797614;341271;FEROX S.R.L.;1;calzaga;14;29
20150609;1300;797613;341271;FEROX S.R.L.;1;Cron;17;49
20150609;1300;797614;341271;FEROX S.R.L.;1;Cron;17;49
20150610;1536;797613;341271;FEROX S.R.L.;1;Cron;19;59
20150610;1536;797613;341271;FEROX S.R.L.;1;Cron;20;59
20150610;1536;797614;341271;FEROX S.R.L.;1;Cron;19;59
20150610;1536;797614;341271;FEROX S.R.L.;1;Cron;20;59
20150610;1548;797613;341271;FEROX S.R.L.;1;amartucc;21;69
20150610;1548;797614;341271;FEROX S.R.L.;1;amartucc;21;69
20150611;1642;798160;341271;FEROX S.R.L.;1;NESTLE;1;1
20150611;1642;798161;341271;FEROX S.R.L.;1;NESTLE;1;1
20150611;1642;798160;341271;FEROX S.R.L.;1;sbengoa;2;1
20150611;1642;798161;341271;FEROX S.R.L.;1;sbengoa;2;1
20150611;1643;798160;341271;FEROX S.R.L.;1;sbengoa;4;1
20150611;1643;798161;341271;FEROX S.R.L.;1;sbengoa;4;1
20150611;1644;798160;341271;FEROX S.R.L.;1;sbengoa;9;19
20150611;1644;798161;341271;FEROX S.R.L.;1;sbengoa;4;1
20150611;1644;798161;341271;FEROX S.R.L.;1;sbengoa;9;29
20150611;1645;798161;341271;FEROX S.R.L.;1;Cron;17;49
20150612;859;798160;341271;FEROX S.R.L.;1;calzaga;14;29
20150612;900;798160;341271;FEROX S.R.L.;1;Cron;17;49
20150615;830;798160;341271;FEROX S.R.L.;1;Cron;19;59
20150615;830;798160;341271;FEROX S.R.L.;1;Cron;20;59
20150615;830;798161;341271;FEROX S.R.L.;1;Cron;19;59
20150615;830;798161;341271;FEROX S.R.L.;1;Cron;20;59
20150615;833;798160;341271;FEROX S.R.L.;1;amartucc;21;69
20150615;833;798161;341271;FEROX S.R.L.;1;amartucc;21;69
20150618;1046;799200;350084;LA TUNITA II S.R.L.;1;NESTLE;1;1
20150618;1046;799200;350084;LA TUNITA II S.R.L.;1;rgonzale;2;1
20150618;1048;799200;350084;LA TUNITA II S.R.L.;1;sbengoa;4;1
20150618;1048;799200;350084;LA TUNITA II S.R.L.;1;sbengoa;9;19
20150618;1048;799200;350084;LA TUNITA II S.R.L.;1;sbengoa;10;1
20150618;1048;799200;350084;LA TUNITA II S.R.L.;1;sbengoa;4;1
20150618;1048;799200;350084;LA TUNITA II S.R.L.;1;sbengoa;9;19
20150618;1125;799200;350084;LA TUNITA II S.R.L.;1;calzaga;14;29
20150618;1126;799200;350084;LA TUNITA II S.R.L.;1;Cron;17;49
20150618;1555;799200;350084;LA TUNITA II S.R.L.;1;Cron;19;59
20150618;1555;799200;350084;LA TUNITA II S.R.L.;1;Cron;20;59
20150618;1554;799200;350084;LA TUNITA II S.R.L.;1;amartucc;21;69
20150608;900;797225;360047;SILPAS SRL;1;NESTLE;1;1
20150608;900;797225;360047;SILPAS SRL;1;sbengoa;2;1
20150608;900;797225;360047;SILPAS SRL;1;sbengoa;9;29
20150608;901;797225;360047;SILPAS SRL;1;Cron;17;49
20150608;1342;797225;360047;SILPAS SRL;1;Cron;19;59
20150608;1342;797225;360047;SILPAS SRL;1;Cron;20;59
20150608;1351;797225;360047;SILPAS SRL;1;amartucc;21;69
20150624;932;800115;360047;SILPAS SRL;1;NESTLE;1;1
20150624;932;800116;360047;SILPAS SRL;1;NESTLE;1;1
20150624;932;800115;360047;SILPAS SRL;1;jalonso;2;1
20150624;932;800116;360047;SILPAS SRL;1;jalonso;2;1
20150624;932;800115;360047;SILPAS SRL;1;jalonso;9;29
20150624;932;800116;360047;SILPAS SRL;1;jalonso;9;29
20150624;933;800115;360047;SILPAS SRL;1;Cron;17;49
20150624;933;800116;360047;SILPAS SRL;1;Cron;17;49
20150624;1401;800115;360047;SILPAS SRL;1;Cron;19;59
20150624;1401;800115;360047;SILPAS SRL;1;Cron;20;59
20150624;1401;800116;360047;SILPAS SRL;1;Cron;19;59
20150624;1401;800116;360047;SILPAS SRL;1;Cron;20;59
20150624;1417;800115;360047;SILPAS SRL;1;amartucc;21;69
20150624;1417;800116;360047;SILPAS SRL;1;amartucc;21;69
20150604;906;796962;360074;KELMER S.A.;1;NESTLE;1;1
20150604;906;796962;360074;KELMER S.A.;1;jalonso;2;1
20150604;906;796962;360074;KELMER S.A.;1;jalonso;9;29
20150604;907;796962;360074;KELMER S.A.;1;Cron;17;49
20150604;1408;796962;360074;KELMER S.A.;1;Cron;19;59
20150604;1408;796962;360074;KELMER S.A.;1;Cron;20;59
20150604;1410;796962;360074;KELMER S.A.;1;amartucc;21;69
20150608;1003;797277;360074;KELMER S.A.;1;NESTLE;1;1
20150608;1003;797277;360074;KELMER S.A.;1;sbengoa;2;1
20150608;1003;797277;360074;KELMER S.A.;1;sbengoa;9;19
20150608;1040;797277;360074;KELMER S.A.;1;calzaga;14;29
20150608;1041;797277;360074;KELMER S.A.;1;Cron;17;49
20150610;1424;797900;360074;KELMER S.A.;1;NESTLE;1;1
20150610;1424;797901;360074;KELMER S.A.;1;NESTLE;1;1
20150610;1424;797900;360074;KELMER S.A.;1;sbengoa;2;1
20150610;1424;797901;360074;KELMER S.A.;1;sbengoa;2;1
20150610;1424;797900;360074;KELMER S.A.;1;sbengoa;9;19
20150610;1425;797901;360074;KELMER S.A.;1;sbengoa;4;1
20150610;1426;797901;360074;KELMER S.A.;1;sbengoa;4;1
20150610;1426;797901;360074;KELMER S.A.;1;sbengoa;9;19
20150610;1428;797900;360074;KELMER S.A.;1;calzaga;14;29
20150610;1428;797901;360074;KELMER S.A.;1;calzaga;14;29
20150610;1429;797900;360074;KELMER S.A.;1;Cron;17;49
20150610;1429;797901;360074;KELMER S.A.;1;Cron;17;49
20150610;1554;795961;360074;KELMER S.A.;1;Cron;19;59
20150610;1554;795961;360074;KELMER S.A.;1;Cron;20;59
20150610;1554;797277;360074;KELMER S.A.;1;Cron;19;59
20150610;1554;797277;360074;KELMER S.A.;1;Cron;20;59
20150610;1620;795961;360074;KELMER S.A.;1;amartucc;21;69
20150610;1620;797277;360074;KELMER S.A.;1;amartucc;21;69
20150611;1412;797900;360074;KELMER S.A.;1;Cron;19;59
20150611;1412;797900;360074;KELMER S.A.;1;Cron;20;59
20150611;1412;797901;360074;KELMER S.A.;1;Cron;19;59
20150611;1412;797901;360074;KELMER S.A.;1;Cron;20;59
20150611;1418;797900;360074;KELMER S.A.;1;amartucc;21;69
20150611;1418;797901;360074;KELMER S.A.;1;amartucc;21;69
20150616;1531;798863;360074;KELMER S.A.;1;NESTLE;1;1
20150616;1531;798864;360074;KELMER S.A.;1;NESTLE;1;1
20150616;1531;798863;360074;KELMER S.A.;1;sbengoa;2;1
20150616;1531;798864;360074;KELMER S.A.;1;sbengoa;2;1
20150616;1531;798863;360074;KELMER S.A.;1;sbengoa;9;19
20150616;1531;798864;360074;KELMER S.A.;1;sbengoa;9;19
20150616;1548;798863;360074;KELMER S.A.;1;calzaga;14;29
20150616;1548;798864;360074;KELMER S.A.;1;calzaga;14;29
20150616;1549;798863;360074;KELMER S.A.;1;Cron;17;49
20150616;1549;798864;360074;KELMER S.A.;1;Cron;17;49
20150617;1428;798863;360074;KELMER S.A.;1;Cron;19;59
20150617;1428;798863;360074;KELMER S.A.;1;Cron;20;59
20150617;1428;798864;360074;KELMER S.A.;1;Cron;19;59
20150617;1428;798864;360074;KELMER S.A.;1;Cron;20;59
20150617;1447;798863;360074;KELMER S.A.;1;amartucc;21;69
20150617;1447;798864;360074;KELMER S.A.;1;amartucc;21;69
20150624;1208;800199;360074;KELMER S.A.;1;NESTLE;1;1
20150624;1208;800199;360074;KELMER S.A.;1;sbengoa;2;1
20150624;1208;800199;360074;KELMER S.A.;1;sbengoa;9;19
20150624;1338;800199;360074;KELMER S.A.;1;mesteva;14;29
20150624;1339;800199;360074;KELMER S.A.;1;Cron;17;49
20150625;1321;800199;360074;KELMER S.A.;1;Cron;19;59
20150625;1321;800199;360074;KELMER S.A.;1;Cron;20;59
20150625;1324;800199;360074;KELMER S.A.;1;amartucc;21;69
20150603;949;796684;900235;MACROMERCADO MAYORISTAS S.A.;1;CADENA;1;1
20150603;949;796685;900235;MACROMERCADO MAYORISTAS S.A.;1;CADENA;1;1
20150603;949;796686;900235;MACROMERCADO MAYORISTAS S.A.;1;CADENA;1;1
20150603;949;796687;900235;MACROMERCADO MAYORISTAS S.A.;1;CADENA;1;1
20150603;949;796688;900235;MACROMERCADO MAYORISTAS S.A.;1;CADENA;1;1
20150603;949;796689;900235;MACROMERCADO MAYORISTAS S.A.;1;CADENA;1;1
20150603;949;796690;900235;MACROMERCADO MAYORISTAS S.A.;1;CADENA;1;1
20150603;949;796691;900235;MACROMERCADO MAYORISTAS S.A.;1;CADENA;1;1
20150603;949;796692;900235;MACROMERCADO MAYORISTAS S.A.;1;CADENA;1;1
20150603;949;796693;900235;MACROMERCADO MAYORISTAS S.A.;1;CADENA;1;1
20150603;949;796694;900235;MACROMERCADO MAYORISTAS S.A.;1;CADENA;1;1
20150603;949;796695;900235;MACROMERCADO MAYORISTAS S.A.;1;CADENA;1;1
20150603;949;796696;900235;MACROMERCADO MAYORISTAS S.A.;1;CADENA;1;1
20150603;949;796697;900235;MACROMERCADO MAYORISTAS S.A.;1;CADENA;1;1
20150603;949;796698;900235;MACROMERCADO MAYORISTAS S.A.;1;CADENA;1;1
20150603;949;796699;900235;MACROMERCADO MAYORISTAS S.A.;1;CADENA;1;1
20150603;949;796700;900235;MACROMERCADO MAYORISTAS S.A.;1;CADENA;1;1
20150603;949;796701;900235;MACROMERCADO MAYORISTAS S.A.;1;CADENA;1;1
20150603;949;796702;900235;MACROMERCADO MAYORISTAS S.A.;1;CADENA;1;1
20150603;949;796684;900235;MACROMERCADO MAYORISTAS S.A.;1;rgonzale;2;1
20150603;949;796685;900235;MACROMERCADO MAYORISTAS S.A.;1;rgonzale;2;1
20150603;949;796686;900235;MACROMERCADO MAYORISTAS S.A.;1;rgonzale;2;1
20150603;949;796687;900235;MACROMERCADO MAYORISTAS S.A.;1;rgonzale;2;1
20150603;949;796688;900235;MACROMERCADO MAYORISTAS S.A.;1;rgonzale;2;1
20150603;949;796689;900235;MACROMERCADO MAYORISTAS S.A.;1;rgonzale;2;1
20150603;949;796690;900235;MACROMERCADO MAYORISTAS S.A.;1;rgonzale;2;1
20150603;949;796691;900235;MACROMERCADO MAYORISTAS S.A.;1;rgonzale;2;1
20150603;949;796692;900235;MACROMERCADO MAYORISTAS S.A.;1;rgonzale;2;1
20150603;949;796693;900235;MACROMERCADO MAYORISTAS S.A.;1;rgonzale;2;1
20150603;949;796694;900235;MACROMERCADO MAYORISTAS S.A.;1;rgonzale;2;1
20150603;949;796695;900235;MACROMERCADO MAYORISTAS S.A.;1;rgonzale;2;1
20150603;949;796696;900235;MACROMERCADO MAYORISTAS S.A.;1;rgonzale;2;1
20150603;949;796697;900235;MACROMERCADO MAYORISTAS S.A.;1;rgonzale;2;1
20150603;949;796698;900235;MACROMERCADO MAYORISTAS S.A.;1;rgonzale;2;1
20150603;949;796699;900235;MACROMERCADO MAYORISTAS S.A.;1;rgonzale;2;1
20150603;949;796700;900235;MACROMERCADO MAYORISTAS S.A.;1;rgonzale;2;1
20150603;949;796701;900235;MACROMERCADO MAYORISTAS S.A.;1;rgonzale;2;1
20150603;949;796702;900235;MACROMERCADO MAYORISTAS S.A.;1;rgonzale;2;1
20150603;1144;796684;900235;MACROMERCADO MAYORISTAS S.A.;1;mbrundi;4;1
20150603;1156;796685;900235;MACROMERCADO MAYORISTAS S.A.;1;mbrundi;4;1
20150603;1157;796684;900235;MACROMERCADO MAYORISTAS S.A.;1;mbrundi;4;1
20150603;1159;796686;900235;MACROMERCADO MAYORISTAS S.A.;1;mbrundi;4;1
20150603;1200;796687;900235;MACROMERCADO MAYORISTAS S.A.;1;mbrundi;4;1
20150603;1201;796688;900235;MACROMERCADO MAYORISTAS S.A.;1;mbrundi;4;1
20150603;1212;796689;900235;MACROMERCADO MAYORISTAS S.A.;1;mbrundi;4;1
20150603;1212;796690;900235;MACROMERCADO MAYORISTAS S.A.;1;mbrundi;4;1
20150603;1212;796691;900235;MACROMERCADO MAYORISTAS S.A.;1;mbrundi;4;1
20150603;1215;796692;900235;MACROMERCADO MAYORISTAS S.A.;1;mbrundi;4;1
20150603;1216;796693;900235;MACROMERCADO MAYORISTAS S.A.;1;mbrundi;4;1
20150603;1217;796694;900235;MACROMERCADO MAYORISTAS S.A.;1;mbrundi;4;1
20150603;1218;796695;900235;MACROMERCADO MAYORISTAS S.A.;1;mbrundi;4;1
20150603;1219;796692;900235;MACROMERCADO MAYORISTAS S.A.;1;mbrundi;4;1
20150603;1220;796695;900235;MACROMERCADO MAYORISTAS S.A.;1;mbrundi;4;1
20150603;1237;796696;900235;MACROMERCADO MAYORISTAS S.A.;1;mbrundi;4;1
20150603;1238;796698;900235;MACROMERCADO MAYORISTAS S.A.;1;mbrundi;4;1
20150603;1238;796700;900235;MACROMERCADO MAYORISTAS S.A.;1;mbrundi;4;1
20150603;1239;796701;900235;MACROMERCADO MAYORISTAS S.A.;1;mbrundi;4;1
20150603;1239;796702;900235;MACROMERCADO MAYORISTAS S.A.;1;mbrundi;4;1
20150603;1351;796684;900235;MACROMERCADO MAYORISTAS S.A.;1;jalonso;9;29
20150603;1351;796685;900235;MACROMERCADO MAYORISTAS S.A.;1;jalonso;9;29
20150603;1351;796686;900235;MACROMERCADO MAYORISTAS S.A.;1;jalonso;9;29
20150603;1351;796687;900235;MACROMERCADO MAYORISTAS S.A.;1;jalonso;9;29
20150603;1351;796688;900235;MACROMERCADO MAYORISTAS S.A.;1;jalonso;9;29
20150603;1351;796689;900235;MACROMERCADO MAYORISTAS S.A.;1;jalonso;9;29
20150603;1351;796690;900235;MACROMERCADO MAYORISTAS S.A.;1;jalonso;9;29
20150603;1351;796691;900235;MACROMERCADO MAYORISTAS S.A.;1;jalonso;9;29
20150603;1351;796692;900235;MACROMERCADO MAYORISTAS S.A.;1;jalonso;9;29
20150603;1351;796693;900235;MACROMERCADO MAYORISTAS S.A.;1;jalonso;9;29
20150603;1351;796694;900235;MACROMERCADO MAYORISTAS S.A.;1;jalonso;9;29
20150603;1351;796695;900235;MACROMERCADO MAYORISTAS S.A.;1;jalonso;9;29
20150603;1351;796696;900235;MACROMERCADO MAYORISTAS S.A.;1;jalonso;9;29
20150603;1351;796697;900235;MACROMERCADO MAYORISTAS S.A.;1;jalonso;9;29
20150603;1351;796698;900235;MACROMERCADO MAYORISTAS S.A.;1;jalonso;9;29
20150603;1351;796699;900235;MACROMERCADO MAYORISTAS S.A.;1;jalonso;9;29
20150603;1351;796700;900235;MACROMERCADO MAYORISTAS S.A.;1;jalonso;9;29
20150603;1351;796701;900235;MACROMERCADO MAYORISTAS S.A.;1;jalonso;9;29
20150603;1351;796702;900235;MACROMERCADO MAYORISTAS S.A.;1;jalonso;9;29
20150603;1352;796684;900235;MACROMERCADO MAYORISTAS S.A.;1;Cron;17;49
20150603;1352;796685;900235;MACROMERCADO MAYORISTAS S.A.;1;Cron;17;49
20150603;1352;796686;900235;MACROMERCADO MAYORISTAS S.A.;1;Cron;17;49
20150603;1352;796687;900235;MACROMERCADO MAYORISTAS S.A.;1;Cron;17;49
20150603;1352;796688;900235;MACROMERCADO MAYORISTAS S.A.;1;Cron;17;49
20150603;1352;796689;900235;MACROMERCADO MAYORISTAS S.A.;1;Cron;17;49
20150603;1352;796690;900235;MACROMERCADO MAYORISTAS S.A.;1;Cron;17;49
20150603;1352;796691;900235;MACROMERCADO MAYORISTAS S.A.;1;Cron;17;49
20150603;1352;796692;900235;MACROMERCADO MAYORISTAS S.A.;1;Cron;17;49
20150603;1352;796693;900235;MACROMERCADO MAYORISTAS S.A.;1;Cron;17;49
20150603;1352;796694;900235;MACROMERCADO MAYORISTAS S.A.;1;Cron;17;49
20150603;1352;796695;900235;MACROMERCADO MAYORISTAS S.A.;1;Cron;17;49
20150603;1352;796696;900235;MACROMERCADO MAYORISTAS S.A.;1;Cron;17;49
20150603;1352;796697;900235;MACROMERCADO MAYORISTAS S.A.;1;Cron;17;49
20150603;1352;796698;900235;MACROMERCADO MAYORISTAS S.A.;1;Cron;17;49
20150603;1352;796699;900235;MACROMERCADO MAYORISTAS S.A.;1;Cron;17;49
20150603;1352;796700;900235;MACROMERCADO MAYORISTAS S.A.;1;Cron;17;49
20150603;1352;796701;900235;MACROMERCADO MAYORISTAS S.A.;1;Cron;17;49
20150603;1352;796702;900235;MACROMERCADO MAYORISTAS S.A.;1;Cron;17;49
20150603;1550;796688;900235;MACROMERCADO MAYORISTAS S.A.;1;Cron;19;59
20150603;1550;796688;900235;MACROMERCADO MAYORISTAS S.A.;1;Cron;20;59
20150603;1550;796700;900235;MACROMERCADO MAYORISTAS S.A.;1;Cron;19;59
20150603;1550;796700;900235;MACROMERCADO MAYORISTAS S.A.;1;Cron;20;59
20150603;1548;796688;900235;MACROMERCADO MAYORISTAS S.A.;1;amartucc;21;69
20150603;1548;796700;900235;MACROMERCADO MAYORISTAS S.A.;1;amartucc;21;69
20150604;1046;796689;900235;MACROMERCADO MAYORISTAS S.A.;1;Cron;19;59
20150604;1046;796689;900235;MACROMERCADO MAYORISTAS S.A.;1;Cron;20;59
20150604;1046;796701;900235;MACROMERCADO MAYORISTAS S.A.;1;Cron;19;59
20150604;1046;796701;900235;MACROMERCADO MAYORISTAS S.A.;1;Cron;20;59
20150604;1129;796689;900235;MACROMERCADO MAYORISTAS S.A.;1;amartucc;21;69
20150604;1129;796701;900235;MACROMERCADO MAYORISTAS S.A.;1;amartucc;21;69
20150604;1204;796684;900235;MACROMERCADO MAYORISTAS S.A.;1;Cron;19;59
20150604;1204;796684;900235;MACROMERCADO MAYORISTAS S.A.;1;Cron;20;59
20150604;1204;796692;900235;MACROMERCADO MAYORISTAS S.A.;1;Cron;19;59
20150604;1204;796692;900235;MACROMERCADO MAYORISTAS S.A.;1;Cron;20;59
20150604;1204;796693;900235;MACROMERCADO MAYORISTAS S.A.;1;Cron;19;59
20150604;1204;796693;900235;MACROMERCADO MAYORISTAS S.A.;1;Cron;20;59
20150604;1204;796694;900235;MACROMERCADO MAYORISTAS S.A.;1;Cron;19;59
20150604;1204;796694;900235;MACROMERCADO MAYORISTAS S.A.;1;Cron;20;59
20150604;1204;796685;900235;MACROMERCADO MAYORISTAS S.A.;1;Cron;19;59
20150604;1204;796685;900235;MACROMERCADO MAYORISTAS S.A.;1;Cron;20;59
20150604;1204;796695;900235;MACROMERCADO MAYORISTAS S.A.;1;Cron;19;59
20150604;1204;796695;900235;MACROMERCADO MAYORISTAS S.A.;1;Cron;20;59
20150604;1206;796691;900235;MACROMERCADO MAYORISTAS S.A.;1;Cron;19;59
20150604;1206;796691;900235;MACROMERCADO MAYORISTAS S.A.;1;Cron;20;59
20150604;1206;796702;900235;MACROMERCADO MAYORISTAS S.A.;1;Cron;19;59
20150604;1206;796702;900235;MACROMERCADO MAYORISTAS S.A.;1;Cron;20;59
20150604;1206;796687;900235;MACROMERCADO MAYORISTAS S.A.;1;Cron;19;59
20150604;1206;796687;900235;MACROMERCADO MAYORISTAS S.A.;1;Cron;20;59
20150604;1206;796698;900235;MACROMERCADO MAYORISTAS S.A.;1;Cron;19;59
20150604;1206;796698;900235;MACROMERCADO MAYORISTAS S.A.;1;Cron;20;59
20150604;1206;796699;900235;MACROMERCADO MAYORISTAS S.A.;1;Cron;19;59
20150604;1206;796699;900235;MACROMERCADO MAYORISTAS S.A.;1;Cron;20;59
20150604;1208;796686;900235;MACROMERCADO MAYORISTAS S.A.;1;Cron;19;59
20150604;1208;796686;900235;MACROMERCADO MAYORISTAS S.A.;1;Cron;20;59
20150604;1208;796696;900235;MACROMERCADO MAYORISTAS S.A.;1;Cron;19;59
20150604;1208;796696;900235;MACROMERCADO MAYORISTAS S.A.;1;Cron;20;59
20150604;1208;796697;900235;MACROMERCADO MAYORISTAS S.A.;1;Cron;19;59
20150604;1208;796697;900235;MACROMERCADO MAYORISTAS S.A.;1;Cron;20;59
20150604;1216;796686;900235;MACROMERCADO MAYORISTAS S.A.;1;amartucc;21;69
20150604;1216;796696;900235;MACROMERCADO MAYORISTAS S.A.;1;amartucc;21;69
20150604;1216;796697;900235;MACROMERCADO MAYORISTAS S.A.;1;amartucc;21;69
20150604;1217;796687;900235;MACROMERCADO MAYORISTAS S.A.;1;amartucc;21;69
20150604;1217;796698;900235;MACROMERCADO MAYORISTAS S.A.;1;amartucc;21;69
20150604;1217;796699;900235;MACROMERCADO MAYORISTAS S.A.;1;amartucc;21;69
20150604;1217;796691;900235;MACROMERCADO MAYORISTAS S.A.;1;amartucc;21;69
20150604;1217;796702;900235;MACROMERCADO MAYORISTAS S.A.;1;amartucc;21;69
20150604;1218;796685;900235;MACROMERCADO MAYORISTAS S.A.;1;amartucc;21;69
20150604;1218;796695;900235;MACROMERCADO MAYORISTAS S.A.;1;amartucc;21;69
20150604;1218;796684;900235;MACROMERCADO MAYORISTAS S.A.;1;amartucc;21;69
20150604;1218;796692;900235;MACROMERCADO MAYORISTAS S.A.;1;amartucc;21;69
20150604;1218;796693;900235;MACROMERCADO MAYORISTAS S.A.;1;amartucc;21;69
20150604;1218;796694;900235;MACROMERCADO MAYORISTAS S.A.;1;amartucc;21;69
20150605;934;796690;900235;MACROMERCADO MAYORISTAS S.A.;1;Cron;19;59
20150605;934;796690;900235;MACROMERCADO MAYORISTAS S.A.;1;Cron;20;59
20150605;938;796690;900235;MACROMERCADO MAYORISTAS S.A.;1;amartucc;21;69
20150601;748;796079;1704001;DEVOTO HNOS S.A.;1;CADENA;1;1
20150601;748;796087;1704001;DEVOTO HNOS S.A.;1;CADENA;1;1
20150601;748;796091;1704001;DEVOTO HNOS S.A.;1;CADENA;1;1
20150601;748;796092;1704001;DEVOTO HNOS S.A.;1;CADENA;1;1
20150601;748;796093;1704001;DEVOTO HNOS S.A.;1;CADENA;1;1
20150601;748;796096;1704001;DEVOTO HNOS S.A.;1;CADENA;1;1
20150601;748;796097;1704001;DEVOTO HNOS S.A.;1;CADENA;1;1
20150601;748;796098;1704001;DEVOTO HNOS S.A.;1;CADENA;1;1
20150601;748;796100;1704001;DEVOTO HNOS S.A.;1;CADENA;1;1
20150601;748;796101;1704001;DEVOTO HNOS S.A.;1;CADENA;1;1
20150601;748;796108;1704001;DEVOTO HNOS S.A.;1;CADENA;1;1
20150601;748;796079;1704001;DEVOTO HNOS S.A.;1;jalonso;2;1
20150601;748;796087;1704001;DEVOTO HNOS S.A.;1;jalonso;2;1
20150601;748;796091;1704001;DEVOTO HNOS S.A.;1;jalonso;2;1
20150601;748;796092;1704001;DEVOTO HNOS S.A.;1;jalonso;2;1
20150601;748;796093;1704001;DEVOTO HNOS S.A.;1;jalonso;2;1
20150601;748;796096;1704001;DEVOTO HNOS S.A.;1;jalonso;2;1
20150601;748;796097;1704001;DEVOTO HNOS S.A.;1;jalonso;2;1
20150601;748;796098;1704001;DEVOTO HNOS S.A.;1;jalonso;2;1
20150601;748;796100;1704001;DEVOTO HNOS S.A.;1;jalonso;2;1
20150601;748;796101;1704001;DEVOTO HNOS S.A.;1;jalonso;2;1
20150601;748;796108;1704001;DEVOTO HNOS S.A.;1;jalonso;2;1
20150601;859;796091;1704001;DEVOTO HNOS S.A.;1;adeleon;4;1
20150601;900;796079;1704001;DEVOTO HNOS S.A.;1;adeleon;4;1
20150601;906;796087;1704001;DEVOTO HNOS S.A.;1;adeleon;4;1
20150601;911;796091;1704001;DEVOTO HNOS S.A.;1;adeleon;4;1
20150601;912;796092;1704001;DEVOTO HNOS S.A.;1;adeleon;4;1
20150601;913;796093;1704001;DEVOTO HNOS S.A.;1;adeleon;4;1
20150601;914;796096;1704001;DEVOTO HNOS S.A.;1;adeleon;4;1
20150601;915;796097;1704001;DEVOTO HNOS S.A.;1;adeleon;4;1
20150601;915;796098;1704001;DEVOTO HNOS S.A.;1;adeleon;4;1
20150601;921;796108;1704001;DEVOTO HNOS S.A.;1;adeleon;4;1
20150601;923;796092;1704001;DEVOTO HNOS S.A.;1;adeleon;4;1
20150601;923;796093;1704001;DEVOTO HNOS S.A.;1;adeleon;4;1
20150601;925;796079;1704001;DEVOTO HNOS S.A.;1;jalonso;9;29
20150601;925;796087;1704001;DEVOTO HNOS S.A.;1;jalonso;9;29
20150601;925;796091;1704001;DEVOTO HNOS S.A.;1;jalonso;9;29
20150601;925;796092;1704001;DEVOTO HNOS S.A.;1;jalonso;9;29
20150601;925;796093;1704001;DEVOTO HNOS S.A.;1;jalonso;9;29
20150601;925;796096;1704001;DEVOTO HNOS S.A.;1;jalonso;9;29
20150601;925;796097;1704001;DEVOTO HNOS S.A.;1;jalonso;9;29
20150601;925;796098;1704001;DEVOTO HNOS S.A.;1;jalonso;9;29
20150601;925;796100;1704001;DEVOTO HNOS S.A.;1;jalonso;9;29
20150601;926;796101;1704001;DEVOTO HNOS S.A.;1;jalonso;9;29
20150601;926;796079;1704001;DEVOTO HNOS S.A.;1;Cron;17;49
20150601;926;796087;1704001;DEVOTO HNOS S.A.;1;Cron;17;49
20150601;926;796091;1704001;DEVOTO HNOS S.A.;1;Cron;17;49
20150601;926;796092;1704001;DEVOTO HNOS S.A.;1;Cron;17;49
20150601;926;796093;1704001;DEVOTO HNOS S.A.;1;Cron;17;49
20150601;926;796096;1704001;DEVOTO HNOS S.A.;1;Cron;17;49
20150601;926;796097;1704001;DEVOTO HNOS S.A.;1;Cron;17;49
20150601;926;796098;1704001;DEVOTO HNOS S.A.;1;Cron;17;49
20150601;926;796100;1704001;DEVOTO HNOS S.A.;1;Cron;17;49
20150601;926;796101;1704001;DEVOTO HNOS S.A.;1;Cron;17;49
20150601;926;796108;1704001;DEVOTO HNOS S.A.;1;jalonso;9;29
20150601;927;796108;1704001;DEVOTO HNOS S.A.;1;Cron;17;49
20150601;1232;796192;1704001;DEVOTO HNOS S.A.;1;CADENA;1;1
20150601;1232;796196;1704001;DEVOTO HNOS S.A.;1;CADENA;1;1
20150601;1232;796197;1704001;DEVOTO HNOS S.A.;1;CADENA;1;1
20150601;1232;796198;1704001;DEVOTO HNOS S.A.;1;CADENA;1;1
20150601;1232;796192;1704001;DEVOTO HNOS S.A.;1;sbengoa;2;1
20150601;1232;796196;1704001;DEVOTO HNOS S.A.;1;sbengoa;2;1
20150601;1232;796197;1704001;DEVOTO HNOS S.A.;1;sbengoa;2;1
20150601;1232;796198;1704001;DEVOTO HNOS S.A.;1;sbengoa;2;1
20150601;1340;796192;1704001;DEVOTO HNOS S.A.;1;adeleon;4;1
20150601;1348;796196;1704001;DEVOTO HNOS S.A.;1;adeleon;4;1
20150601;1352;796197;1704001;DEVOTO HNOS S.A.;1;adeleon;4;1
20150601;1352;796196;1704001;DEVOTO HNOS S.A.;1;adeleon;4;1
20150601;1354;796197;1704001;DEVOTO HNOS S.A.;1;adeleon;4;1
20150601;1354;796196;1704001;DEVOTO HNOS S.A.;1;adeleon;4;1
20150601;1354;796197;1704001;DEVOTO HNOS S.A.;1;adeleon;4;1
20150601;1356;796096;1704001;DEVOTO HNOS S.A.;1;Cron;19;59
20150601;1356;796096;1704001;DEVOTO HNOS S.A.;1;Cron;20;59
20150601;1404;796198;1704001;DEVOTO HNOS S.A.;1;adeleon;4;1
20150601;1414;796198;1704001;DEVOTO HNOS S.A.;1;adeleon;4;1
20150601;1423;796192;1704001;DEVOTO HNOS S.A.;1;jalonso;9;29
20150601;1423;796196;1704001;DEVOTO HNOS S.A.;1;jalonso;9;29
20150601;1423;796197;1704001;DEVOTO HNOS S.A.;1;jalonso;9;29
20150601;1423;796198;1704001;DEVOTO HNOS S.A.;1;jalonso;9;29
20150601;1424;796192;1704001;DEVOTO HNOS S.A.;1;Cron;17;49
20150601;1424;796196;1704001;DEVOTO HNOS S.A.;1;Cron;17;49
20150601;1424;796197;1704001;DEVOTO HNOS S.A.;1;Cron;17;49
20150601;1424;796198;1704001;DEVOTO HNOS S.A.;1;Cron;17;49
20150601;1424;796079;1704001;DEVOTO HNOS S.A.;1;Cron;19;59
20150601;1424;796079;1704001;DEVOTO HNOS S.A.;1;Cron;20;59
20150601;1428;796079;1704001;DEVOTO HNOS S.A.;1;amartucc;21;69
20150601;1431;796096;1704001;DEVOTO HNOS S.A.;1;amartucc;21;69
20150601;1438;796087;1704001;DEVOTO HNOS S.A.;1;Cron;19;59
20150601;1438;796087;1704001;DEVOTO HNOS S.A.;1;Cron;20;59
20150601;1438;796092;1704001;DEVOTO HNOS S.A.;1;Cron;19;59
20150601;1438;796092;1704001;DEVOTO HNOS S.A.;1;Cron;20;59
20150601;1446;796091;1704001;DEVOTO HNOS S.A.;1;Cron;19;59
20150601;1446;796091;1704001;DEVOTO HNOS S.A.;1;Cron;20;59
20150601;1446;796093;1704001;DEVOTO HNOS S.A.;1;Cron;19;59
20150601;1446;796093;1704001;DEVOTO HNOS S.A.;1;Cron;20;59
20150601;1446;796108;1704001;DEVOTO HNOS S.A.;1;Cron;19;59
20150601;1446;796108;1704001;DEVOTO HNOS S.A.;1;Cron;20;59
20150601;1446;796091;1704001;DEVOTO HNOS S.A.;1;amartucc;21;69
20150601;1446;796093;1704001;DEVOTO HNOS S.A.;1;amartucc;21;69
20150601;1446;796108;1704001;DEVOTO HNOS S.A.;1;amartucc;21;69
20150601;1447;796087;1704001;DEVOTO HNOS S.A.;1;amartucc;21;69
20150601;1447;796092;1704001;DEVOTO HNOS S.A.;1;amartucc;21;69
20150601;1552;796100;1704001;DEVOTO HNOS S.A.;1;Cron;19;59
20150601;1552;796100;1704001;DEVOTO HNOS S.A.;1;Cron;20;59
20150601;1552;796101;1704001;DEVOTO HNOS S.A.;1;Cron;19;59
20150601;1552;796101;1704001;DEVOTO HNOS S.A.;1;Cron;20;59
20150601;1552;796100;1704001;DEVOTO HNOS S.A.;1;amartucc;21;69
20150601;1552;796101;1704001;DEVOTO HNOS S.A.;1;amartucc;21;69
20150602;851;796409;1704001;DEVOTO HNOS S.A.;1;CADENA;1;1
20150602;851;796409;1704001;DEVOTO HNOS S.A.;1;sbengoa;2;1
20150602;856;796409;1704001;DEVOTO HNOS S.A.;1;mbrundi;4;1
20150602;900;796409;1704001;DEVOTO HNOS S.A.;1;jalonso;9;29
20150602;901;796409;1704001;DEVOTO HNOS S.A.;1;Cron;17;49
20150602;1000;796098;1704001;DEVOTO HNOS S.A.;1;Cron;19;59
20150602;1000;796098;1704001;DEVOTO HNOS S.A.;1;Cron;20;59
20150602;1000;796192;1704001;DEVOTO HNOS S.A.;1;Cron;19;59
20150602;1000;796192;1704001;DEVOTO HNOS S.A.;1;Cron;20;59
20150602;1006;796196;1704001;DEVOTO HNOS S.A.;1;Cron;19;59
20150602;1006;796196;1704001;DEVOTO HNOS S.A.;1;Cron;20;59
20150602;1006;796197;1704001;DEVOTO HNOS S.A.;1;Cron;19;59
20150602;1006;796197;1704001;DEVOTO HNOS S.A.;1;Cron;20;59
20150602;1010;796098;1704001;DEVOTO HNOS S.A.;1;amartucc;21;69
20150602;1010;796192;1704001;DEVOTO HNOS S.A.;1;amartucc;21;69
20150602;1027;796196;1704001;DEVOTO HNOS S.A.;1;amartucc;21;69
20150602;1027;796197;1704001;DEVOTO HNOS S.A.;1;amartucc;21;69
20150602;1148;796198;1704001;DEVOTO HNOS S.A.;1;Cron;19;59
20150602;1148;796198;1704001;DEVOTO HNOS S.A.;1;Cron;20;59
20150602;1148;796409;1704001;DEVOTO HNOS S.A.;1;Cron;19;59
20150602;1148;796409;1704001;DEVOTO HNOS S.A.;1;Cron;20;59
20150602;1205;796198;1704001;DEVOTO HNOS S.A.;1;amartucc;21;69
20150602;1205;796409;1704001;DEVOTO HNOS S.A.;1;amartucc;21;69
20150602;1504;796097;1704001;DEVOTO HNOS S.A.;1;Cron;19;59
20150602;1504;796097;1704001;DEVOTO HNOS S.A.;1;Cron;20;59
20150602;1512;796097;1704001;DEVOTO HNOS S.A.;1;amartucc;21;69
20150611;1254;798099;7695458;KAMOL SA;1;jalonso;1;1
20150611;1256;798099;7695458;KAMOL SA;1;jalonso;2;1
20150611;1256;798099;7695458;KAMOL SA;1;jalonso;9;19
20150611;1328;798099;7695458;KAMOL SA;1;calzaga;14;29
20150611;1329;798099;7695458;KAMOL SA;1;Cron;17;49
20150612;1528;798099;7695458;KAMOL SA;1;Cron;19;59
20150612;1528;798099;7695458;KAMOL SA;1;Cron;20;59
20150612;1528;798099;7695458;KAMOL SA;1;amartucc;21;69
20150702;1114;801467;7695458;KAMOL SA;1;jalonso;1;1
20150702;1114;801467;7695458;KAMOL SA;1;jalonso;2;1
20150702;1114;801467;7695458;KAMOL SA;1;jalonso;9;19
20150702;1120;801467;7695458;KAMOL SA;1;mesteva;14;29
20150702;1121;801467;7695458;KAMOL SA;1;Cron;17;49
20150703;1539;801467;7695458;KAMOL SA;1;Cron;19;59
20150703;1539;801467;7695458;KAMOL SA;1;Cron;20;59
20150703;1541;801467;7695458;KAMOL SA;1;amartucc;21;69
20150616;803;798612;7695449;OBACOR S.A.;1;AGENTE;1;1
20150616;803;798613;7695449;OBACOR S.A.;1;AGENTE;1;1
20150616;803;798614;7695449;OBACOR S.A.;1;AGENTE;1;1
20150616;803;798615;7695449;OBACOR S.A.;1;AGENTE;1;1
20150616;803;798616;7695449;OBACOR S.A.;1;AGENTE;1;1
20150616;805;798612;7695449;OBACOR S.A.;1;rgonzale;2;1
20150616;805;798613;7695449;OBACOR S.A.;1;rgonzale;2;1
20150616;805;798614;7695449;OBACOR S.A.;1;rgonzale;2;1
20150616;805;798615;7695449;OBACOR S.A.;1;rgonzale;2;1
20150616;805;798616;7695449;OBACOR S.A.;1;rgonzale;2;1
20150616;815;798612;7695449;OBACOR S.A.;1;rgonzale;9;29
20150616;815;798613;7695449;OBACOR S.A.;1;rgonzale;9;29
20150616;816;798612;7695449;OBACOR S.A.;1;Cron;17;49
20150616;816;798613;7695449;OBACOR S.A.;1;Cron;17;49
20150616;816;798614;7695449;OBACOR S.A.;1;rgonzale;9;29
20150616;816;798615;7695449;OBACOR S.A.;1;rgonzale;9;29
20150616;816;798616;7695449;OBACOR S.A.;1;rgonzale;9;29
20150616;817;798614;7695449;OBACOR S.A.;1;Cron;17;49
20150616;817;798615;7695449;OBACOR S.A.;1;Cron;17;49
20150616;817;798616;7695449;OBACOR S.A.;1;Cron;17;49
20150617;1528;798612;7695449;OBACOR S.A.;1;Cron;19;59
20150617;1528;798612;7695449;OBACOR S.A.;1;Cron;20;59
20150617;1528;798613;7695449;OBACOR S.A.;1;Cron;19;59
20150617;1528;798613;7695449;OBACOR S.A.;1;Cron;20;59
20150617;1528;798614;7695449;OBACOR S.A.;1;Cron;19;59
20150617;1528;798614;7695449;OBACOR S.A.;1;Cron;20;59
20150617;1528;798615;7695449;OBACOR S.A.;1;Cron;19;59
20150617;1528;798615;7695449;OBACOR S.A.;1;Cron;20;59
20150617;1528;798616;7695449;OBACOR S.A.;1;Cron;19;59
20150617;1528;798616;7695449;OBACOR S.A.;1;Cron;20;59
20150617;1533;798612;7695449;OBACOR S.A.;1;amartucc;21;69
20150617;1533;798613;7695449;OBACOR S.A.;1;amartucc;21;69
20150617;1533;798614;7695449;OBACOR S.A.;1;amartucc;21;69
20150617;1533;798615;7695449;OBACOR S.A.;1;amartucc;21;69
20150617;1533;798616;7695449;OBACOR S.A.;1;amartucc;21;69
20150602;944;796435;7695427;RIMA LTDA.;1;AGENTE;1;1
20150602;944;796436;7695427;RIMA LTDA.;1;AGENTE;1;1
20150602;944;796437;7695427;RIMA LTDA.;1;AGENTE;1;1
20150602;944;796438;7695427;RIMA LTDA.;1;AGENTE;1;1
20150602;944;796439;7695427;RIMA LTDA.;1;AGENTE;1;1
20150602;944;796440;7695427;RIMA LTDA.;1;AGENTE;1;1
20150602;944;796441;7695427;RIMA LTDA.;1;AGENTE;1;1
20150602;944;796442;7695427;RIMA LTDA.;1;AGENTE;1;1
20150602;944;796443;7695427;RIMA LTDA.;1;AGENTE;1;1
20150602;944;796435;7695427;RIMA LTDA.;1;rgonzale;2;1
20150602;944;796436;7695427;RIMA LTDA.;1;rgonzale;2;1
20150602;944;796437;7695427;RIMA LTDA.;1;rgonzale;2;1
20150602;944;796438;7695427;RIMA LTDA.;1;rgonzale;2;1
20150602;944;796439;7695427;RIMA LTDA.;1;rgonzale;2;1
20150602;944;796440;7695427;RIMA LTDA.;1;rgonzale;2;1
20150602;944;796441;7695427;RIMA LTDA.;1;rgonzale;2;1
20150602;944;796442;7695427;RIMA LTDA.;1;rgonzale;2;1
20150602;944;796443;7695427;RIMA LTDA.;1;rgonzale;2;1
20150602;945;796435;7695427;RIMA LTDA.;1;rgonzale;9;19
20150602;945;796436;7695427;RIMA LTDA.;1;rgonzale;9;19
20150602;945;796437;7695427;RIMA LTDA.;1;rgonzale;9;19
20150602;945;796438;7695427;RIMA LTDA.;1;rgonzale;9;19
20150602;945;796439;7695427;RIMA LTDA.;1;rgonzale;9;19
20150602;945;796440;7695427;RIMA LTDA.;1;rgonzale;9;19
20150602;945;796441;7695427;RIMA LTDA.;1;rgonzale;9;19
20150602;945;796442;7695427;RIMA LTDA.;1;rgonzale;9;19
20150602;945;796443;7695427;RIMA LTDA.;1;rgonzale;9;19
20150602;952;796435;7695427;RIMA LTDA.;1;calzaga;14;29
20150602;952;796436;7695427;RIMA LTDA.;1;calzaga;14;29
20150602;952;796437;7695427;RIMA LTDA.;1;calzaga;14;29
20150602;953;796435;7695427;RIMA LTDA.;1;Cron;17;49
20150602;953;796436;7695427;RIMA LTDA.;1;Cron;17;49
20150602;953;796437;7695427;RIMA LTDA.;1;Cron;17;49
20150602;953;796438;7695427;RIMA LTDA.;1;calzaga;14;29
20150602;953;796439;7695427;RIMA LTDA.;1;calzaga;14;29
20150602;953;796440;7695427;RIMA LTDA.;1;calzaga;14;29
20150602;953;796441;7695427;RIMA LTDA.;1;calzaga;14;29
20150602;953;796442;7695427;RIMA LTDA.;1;calzaga;14;29
20150602;953;796443;7695427;RIMA LTDA.;1;calzaga;14;29
20150602;954;796438;7695427;RIMA LTDA.;1;Cron;17;49
20150602;954;796439;7695427;RIMA LTDA.;1;Cron;17;49
20150602;954;796440;7695427;RIMA LTDA.;1;Cron;17;49
20150602;954;796441;7695427;RIMA LTDA.;1;Cron;17;49
20150602;954;796442;7695427;RIMA LTDA.;1;Cron;17;49
20150602;954;796443;7695427;RIMA LTDA.;1;Cron;17;49
20150602;1518;796435;7695427;RIMA LTDA.;1;Cron;19;59
20150602;1518;796435;7695427;RIMA LTDA.;1;Cron;20;59
20150602;1518;796436;7695427;RIMA LTDA.;1;Cron;19;59
20150602;1518;796436;7695427;RIMA LTDA.;1;Cron;20;59
20150602;1518;796437;7695427;RIMA LTDA.;1;Cron;19;59
20150602;1518;796437;7695427;RIMA LTDA.;1;Cron;20;59
20150602;1518;796438;7695427;RIMA LTDA.;1;Cron;19;59
20150602;1518;796438;7695427;RIMA LTDA.;1;Cron;20;59
20150602;1518;796439;7695427;RIMA LTDA.;1;Cron;19;59
20150602;1518;796439;7695427;RIMA LTDA.;1;Cron;20;59
20150602;1518;796440;7695427;RIMA LTDA.;1;Cron;19;59
20150602;1518;796440;7695427;RIMA LTDA.;1;Cron;20;59
20150602;1518;796441;7695427;RIMA LTDA.;1;Cron;19;59
20150602;1518;796441;7695427;RIMA LTDA.;1;Cron;20;59
20150602;1518;796442;7695427;RIMA LTDA.;1;Cron;19;59
20150602;1518;796442;7695427;RIMA LTDA.;1;Cron;20;59
20150602;1518;796443;7695427;RIMA LTDA.;1;Cron;19;59
20150602;1518;796443;7695427;RIMA LTDA.;1;Cron;20;59
20150602;1527;796435;7695427;RIMA LTDA.;1;amartucc;21;69
20150602;1527;796436;7695427;RIMA LTDA.;1;amartucc;21;69
20150602;1527;796437;7695427;RIMA LTDA.;1;amartucc;21;69
20150602;1527;796438;7695427;RIMA LTDA.;1;amartucc;21;69
20150602;1527;796439;7695427;RIMA LTDA.;1;amartucc;21;69
20150602;1527;796440;7695427;RIMA LTDA.;1;amartucc;21;69
20150602;1527;796441;7695427;RIMA LTDA.;1;amartucc;21;69
20150602;1527;796442;7695427;RIMA LTDA.;1;amartucc;21;69
20150602;1527;796443;7695427;RIMA LTDA.;1;amartucc;21;69
20150602;820;796349;7695409;LIMAFOX S.A.;1;AGENTE W;1;1
20150602;821;796349;7695409;LIMAFOX S.A.;1;rgonzale;2;1
20150602;835;796349;7695409;LIMAFOX S.A.;1;rgonzale;9;29
20150602;836;796349;7695409;LIMAFOX S.A.;1;Cron;17;49
20150602;1512;796349;7695409;LIMAFOX S.A.;1;Cron;19;59
20150602;1512;796349;7695409;LIMAFOX S.A.;1;Cron;20;59
20150602;1513;796349;7695409;LIMAFOX S.A.;1;amartucc;21;69
20150616;803;798618;7695409;LIMAFOX S.A.;1;AGENTE;1;1
20150616;804;798619;7695409;LIMAFOX S.A.;1;AGENTE;1;1
20150616;804;798620;7695409;LIMAFOX S.A.;1;AGENTE;1;1
20150616;804;798621;7695409;LIMAFOX S.A.;1;AGENTE;1;1
20150616;804;798622;7695409;LIMAFOX S.A.;1;AGENTE;1;1
20150616;804;798623;7695409;LIMAFOX S.A.;1;AGENTE;1;1
20150616;804;798657;7695409;LIMAFOX S.A.;1;AGENTE W;1;1
20150616;805;798618;7695409;LIMAFOX S.A.;1;rgonzale;2;1
20150616;805;798619;7695409;LIMAFOX S.A.;1;rgonzale;2;1
20150616;805;798620;7695409;LIMAFOX S.A.;1;rgonzale;2;1
20150616;805;798621;7695409;LIMAFOX S.A.;1;rgonzale;2;1
20150616;805;798622;7695409;LIMAFOX S.A.;1;rgonzale;2;1
20150616;805;798623;7695409;LIMAFOX S.A.;1;rgonzale;2;1
20150616;805;798657;7695409;LIMAFOX S.A.;1;rgonzale;2;1
20150616;816;798618;7695409;LIMAFOX S.A.;1;rgonzale;9;29
20150616;816;798619;7695409;LIMAFOX S.A.;1;rgonzale;9;29
20150616;817;798618;7695409;LIMAFOX S.A.;1;Cron;17;49
20150616;817;798619;7695409;LIMAFOX S.A.;1;Cron;17;49
20150616;824;798620;7695409;LIMAFOX S.A.;1;rgonzale;9;29
20150616;824;798621;7695409;LIMAFOX S.A.;1;rgonzale;9;29
20150616;824;798622;7695409;LIMAFOX S.A.;1;rgonzale;9;29
20150616;824;798623;7695409;LIMAFOX S.A.;1;rgonzale;9;29
20150616;825;798620;7695409;LIMAFOX S.A.;1;Cron;17;49
20150616;825;798621;7695409;LIMAFOX S.A.;1;Cron;17;49
20150616;825;798622;7695409;LIMAFOX S.A.;1;Cron;17;49
20150616;825;798623;7695409;LIMAFOX S.A.;1;Cron;17;49
20150616;845;798657;7695409;LIMAFOX S.A.;1;rgonzale;4;1
20150616;847;798657;7695409;LIMAFOX S.A.;1;rgonzale;9;29
20150616;848;798657;7695409;LIMAFOX S.A.;1;Cron;17;49
20150617;1530;798618;7695409;LIMAFOX S.A.;1;Cron;19;59
20150617;1530;798618;7695409;LIMAFOX S.A.;1;Cron;20;59
20150617;1530;798619;7695409;LIMAFOX S.A.;1;Cron;19;59
20150617;1530;798619;7695409;LIMAFOX S.A.;1;Cron;20;59
20150617;1530;798620;7695409;LIMAFOX S.A.;1;Cron;19;59
20150617;1530;798620;7695409;LIMAFOX S.A.;1;Cron;20;59
20150617;1530;798621;7695409;LIMAFOX S.A.;1;Cron;19;59
20150617;1530;798621;7695409;LIMAFOX S.A.;1;Cron;20;59
20150617;1530;798622;7695409;LIMAFOX S.A.;1;Cron;19;59
20150617;1530;798622;7695409;LIMAFOX S.A.;1;Cron;20;59
20150617;1530;798623;7695409;LIMAFOX S.A.;1;Cron;19;59
20150617;1530;798623;7695409;LIMAFOX S.A.;1;Cron;20;59
20150617;1530;798657;7695409;LIMAFOX S.A.;1;Cron;19;59
20150617;1530;798657;7695409;LIMAFOX S.A.;1;Cron;20;59
20150617;1534;798618;7695409;LIMAFOX S.A.;1;amartucc;21;69
20150617;1534;798619;7695409;LIMAFOX S.A.;1;amartucc;21;69
20150617;1534;798620;7695409;LIMAFOX S.A.;1;amartucc;21;69
20150617;1534;798621;7695409;LIMAFOX S.A.;1;amartucc;21;69
20150617;1534;798622;7695409;LIMAFOX S.A.;1;amartucc;21;69
20150617;1534;798623;7695409;LIMAFOX S.A.;1;amartucc;21;69
20150617;1534;798657;7695409;LIMAFOX S.A.;1;amartucc;21;69
20150629;700;800711;7695397;SUAFIL S.A.;1;AGENTE W;1;1
20150629;745;800711;7695397;SUAFIL S.A.;1;rpazos;2;1
20150629;837;800727;7695397;SUAFIL S.A.;1;AGENTE;1;1
20150629;837;800728;7695397;SUAFIL S.A.;1;AGENTE;1;1
20150629;837;800729;7695397;SUAFIL S.A.;1;AGENTE;1;1
20150629;837;800730;7695397;SUAFIL S.A.;1;AGENTE;1;1
20150629;837;800731;7695397;SUAFIL S.A.;1;AGENTE;1;1
20150629;837;800732;7695397;SUAFIL S.A.;1;AGENTE;1;1
20150629;837;800733;7695397;SUAFIL S.A.;1;AGENTE;1;1
20150629;838;800727;7695397;SUAFIL S.A.;1;rgonzale;2;1
20150629;838;800728;7695397;SUAFIL S.A.;1;rgonzale;2;1
20150629;838;800729;7695397;SUAFIL S.A.;1;rgonzale;2;1
20150629;838;800730;7695397;SUAFIL S.A.;1;rgonzale;2;1
20150629;838;800731;7695397;SUAFIL S.A.;1;rgonzale;2;1
20150629;838;800732;7695397;SUAFIL S.A.;1;rgonzale;2;1
20150629;838;800733;7695397;SUAFIL S.A.;1;rgonzale;2;1
20150629;839;800711;7695397;SUAFIL S.A.;1;rgonzale;9;19
20150629;840;800727;7695397;SUAFIL S.A.;1;rgonzale;9;19
20150629;840;800728;7695397;SUAFIL S.A.;1;rgonzale;9;19
20150629;840;800729;7695397;SUAFIL S.A.;1;rgonzale;9;19
20150629;840;800730;7695397;SUAFIL S.A.;1;rgonzale;9;19
20150629;840;800731;7695397;SUAFIL S.A.;1;rgonzale;9;19
20150629;840;800732;7695397;SUAFIL S.A.;1;rgonzale;9;19
20150629;919;800711;7695397;SUAFIL S.A.;1;mesteva;14;29
20150629;920;800711;7695397;SUAFIL S.A.;1;Cron;17;49
20150629;920;800727;7695397;SUAFIL S.A.;1;mesteva;14;29
20150629;920;800728;7695397;SUAFIL S.A.;1;mesteva;14;29
20150629;920;800729;7695397;SUAFIL S.A.;1;mesteva;14;29
20150629;920;800730;7695397;SUAFIL S.A.;1;mesteva;14;29
20150629;920;800731;7695397;SUAFIL S.A.;1;mesteva;14;29
20150629;920;800732;7695397;SUAFIL S.A.;1;mesteva;14;29
20150629;921;800727;7695397;SUAFIL S.A.;1;Cron;17;49
20150629;921;800728;7695397;SUAFIL S.A.;1;Cron;17;49
20150629;921;800729;7695397;SUAFIL S.A.;1;Cron;17;49
20150629;921;800730;7695397;SUAFIL S.A.;1;Cron;17;49
20150629;921;800731;7695397;SUAFIL S.A.;1;Cron;17;49
20150629;921;800732;7695397;SUAFIL S.A.;1;Cron;17;49
20150629;1007;800733;7695397;SUAFIL S.A.;1;rgonzale;4;1
20150629;1007;800733;7695397;SUAFIL S.A.;1;rgonzale;9;19
20150629;1007;800733;7695397;SUAFIL S.A.;1;mesteva;14;29
20150629;1008;800733;7695397;SUAFIL S.A.;1;Cron;17;49
20150630;1333;800711;7695397;SUAFIL S.A.;1;Cron;19;59
20150630;1333;800711;7695397;SUAFIL S.A.;1;Cron;20;59
20150630;1333;800727;7695397;SUAFIL S.A.;1;Cron;19;59
20150630;1333;800727;7695397;SUAFIL S.A.;1;Cron;20;59
20150630;1333;800728;7695397;SUAFIL S.A.;1;Cron;19;59
20150630;1333;800728;7695397;SUAFIL S.A.;1;Cron;20;59
20150630;1333;800729;7695397;SUAFIL S.A.;1;Cron;19;59
20150630;1333;800729;7695397;SUAFIL S.A.;1;Cron;20;59
20150630;1333;800730;7695397;SUAFIL S.A.;1;Cron;19;59
20150630;1333;800730;7695397;SUAFIL S.A.;1;Cron;20;59
20150630;1333;800731;7695397;SUAFIL S.A.;1;Cron;19;59
20150630;1333;800731;7695397;SUAFIL S.A.;1;Cron;20;59
20150630;1333;800732;7695397;SUAFIL S.A.;1;Cron;19;59
20150630;1333;800732;7695397;SUAFIL S.A.;1;Cron;20;59
20150630;1333;800733;7695397;SUAFIL S.A.;1;Cron;19;59
20150630;1333;800733;7695397;SUAFIL S.A.;1;Cron;20;59
20150630;1349;800711;7695397;SUAFIL S.A.;1;amartucc;21;69
20150630;1349;800727;7695397;SUAFIL S.A.;1;amartucc;21;69
20150630;1349;800728;7695397;SUAFIL S.A.;1;amartucc;21;69
20150630;1349;800729;7695397;SUAFIL S.A.;1;amartucc;21;69
20150630;1349;800730;7695397;SUAFIL S.A.;1;amartucc;21;69
20150630;1349;800731;7695397;SUAFIL S.A.;1;amartucc;21;69
20150630;1349;800732;7695397;SUAFIL S.A.;1;amartucc;21;69
20150630;1349;800733;7695397;SUAFIL S.A.;1;amartucc;21;69
20150622;819;799349;7695278;MARBI LTDA.;1;AGENTE;1;1
20150622;819;799350;7695278;MARBI LTDA.;1;AGENTE;1;1
20150622;819;799351;7695278;MARBI LTDA.;1;AGENTE;1;1
20150622;819;799352;7695278;MARBI LTDA.;1;AGENTE;1;1
20150622;819;799353;7695278;MARBI LTDA.;1;AGENTE;1;1
20150622;819;799354;7695278;MARBI LTDA.;1;AGENTE;1;1
20150622;819;799355;7695278;MARBI LTDA.;1;AGENTE;1;1
20150622;819;799356;7695278;MARBI LTDA.;1;AGENTE;1;1
20150622;820;799367;7695278;MARBI LTDA.;1;AGENTE W;1;1
20150622;820;799368;7695278;MARBI LTDA.;1;AGENTE W;1;1
20150622;820;799369;7695278;MARBI LTDA.;1;AGENTE W;1;1
20150622;820;799390;7695278;MARBI LTDA.;1;AGENTE W;1;1
20150622;822;799349;7695278;MARBI LTDA.;1;rgonzale;2;1
20150622;822;799350;7695278;MARBI LTDA.;1;rgonzale;2;1
20150622;822;799351;7695278;MARBI LTDA.;1;rgonzale;2;1
20150622;822;799352;7695278;MARBI LTDA.;1;rgonzale;2;1
20150622;822;799353;7695278;MARBI LTDA.;1;rgonzale;2;1
20150622;822;799354;7695278;MARBI LTDA.;1;rgonzale;2;1
20150622;822;799355;7695278;MARBI LTDA.;1;rgonzale;2;1
20150622;822;799356;7695278;MARBI LTDA.;1;rgonzale;2;1
20150622;822;799367;7695278;MARBI LTDA.;1;rgonzale;2;1
20150622;822;799368;7695278;MARBI LTDA.;1;rgonzale;2;1
20150622;822;799369;7695278;MARBI LTDA.;1;rgonzale;2;1
20150622;822;799390;7695278;MARBI LTDA.;1;rgonzale;2;1
20150622;848;799349;7695278;MARBI LTDA.;1;rgonzale;9;19
20150622;848;799350;7695278;MARBI LTDA.;1;rgonzale;9;19
20150622;848;799351;7695278;MARBI LTDA.;1;rgonzale;9;19
20150622;848;799352;7695278;MARBI LTDA.;1;rgonzale;9;19
20150622;848;799353;7695278;MARBI LTDA.;1;rgonzale;9;19
20150622;848;799354;7695278;MARBI LTDA.;1;rgonzale;9;19
20150622;848;799355;7695278;MARBI LTDA.;1;rgonzale;9;19
20150622;848;799356;7695278;MARBI LTDA.;1;rgonzale;9;19
20150622;850;799367;7695278;MARBI LTDA.;1;rgonzale;9;19
20150622;850;799368;7695278;MARBI LTDA.;1;rgonzale;9;19
20150622;850;799369;7695278;MARBI LTDA.;1;rgonzale;9;19
20150622;900;799390;7695278;MARBI LTDA.;1;rgonzale;9;19
20150622;938;799349;7695278;MARBI LTDA.;1;mesteva;14;29
20150622;938;799350;7695278;MARBI LTDA.;1;mesteva;14;29
20150622;938;799351;7695278;MARBI LTDA.;1;mesteva;14;29
20150622;938;799352;7695278;MARBI LTDA.;1;mesteva;14;29
20150622;938;799353;7695278;MARBI LTDA.;1;mesteva;14;29
20150622;938;799354;7695278;MARBI LTDA.;1;mesteva;14;29
20150622;938;799355;7695278;MARBI LTDA.;1;mesteva;14;29
20150622;938;799356;7695278;MARBI LTDA.;1;mesteva;14;29
20150622;939;799367;7695278;MARBI LTDA.;1;mesteva;14;29
20150622;939;799368;7695278;MARBI LTDA.;1;mesteva;14;29
20150622;939;799349;7695278;MARBI LTDA.;1;Cron;17;49
20150622;939;799350;7695278;MARBI LTDA.;1;Cron;17;49
20150622;939;799351;7695278;MARBI LTDA.;1;Cron;17;49
20150622;939;799352;7695278;MARBI LTDA.;1;Cron;17;49
20150622;939;799353;7695278;MARBI LTDA.;1;Cron;17;49
20150622;939;799354;7695278;MARBI LTDA.;1;Cron;17;49
20150622;939;799355;7695278;MARBI LTDA.;1;Cron;17;49
20150622;939;799356;7695278;MARBI LTDA.;1;Cron;17;49
20150622;939;799367;7695278;MARBI LTDA.;1;Cron;17;49
20150622;939;799368;7695278;MARBI LTDA.;1;Cron;17;49
20150622;939;799369;7695278;MARBI LTDA.;1;mesteva;14;29
20150622;939;799390;7695278;MARBI LTDA.;1;mesteva;14;29
20150622;940;799369;7695278;MARBI LTDA.;1;Cron;17;49
20150622;940;799390;7695278;MARBI LTDA.;1;Cron;17;49
20150622;1453;799349;7695278;MARBI LTDA.;1;Cron;19;59
20150622;1453;799349;7695278;MARBI LTDA.;1;Cron;20;59
20150622;1453;799350;7695278;MARBI LTDA.;1;Cron;19;59
20150622;1453;799350;7695278;MARBI LTDA.;1;Cron;20;59
20150622;1453;799351;7695278;MARBI LTDA.;1;Cron;19;59
20150622;1453;799351;7695278;MARBI LTDA.;1;Cron;20;59
20150622;1453;799352;7695278;MARBI LTDA.;1;Cron;19;59
20150622;1453;799352;7695278;MARBI LTDA.;1;Cron;20;59
20150622;1453;799353;7695278;MARBI LTDA.;1;Cron;19;59
20150622;1453;799353;7695278;MARBI LTDA.;1;Cron;20;59
20150622;1453;799354;7695278;MARBI LTDA.;1;Cron;19;59
20150622;1453;799354;7695278;MARBI LTDA.;1;Cron;20;59
20150622;1453;799355;7695278;MARBI LTDA.;1;Cron;19;59
20150622;1453;799355;7695278;MARBI LTDA.;1;Cron;20;59
20150622;1453;799356;7695278;MARBI LTDA.;1;Cron;19;59
20150622;1453;799356;7695278;MARBI LTDA.;1;Cron;20;59
20150622;1453;799367;7695278;MARBI LTDA.;1;Cron;19;59
20150622;1453;799367;7695278;MARBI LTDA.;1;Cron;20;59
20150622;1453;799368;7695278;MARBI LTDA.;1;Cron;19;59
20150622;1453;799368;7695278;MARBI LTDA.;1;Cron;20;59
20150622;1453;799369;7695278;MARBI LTDA.;1;Cron;19;59
20150622;1453;799369;7695278;MARBI LTDA.;1;Cron;20;59
20150622;1453;799390;7695278;MARBI LTDA.;1;Cron;19;59
20150622;1453;799390;7695278;MARBI LTDA.;1;Cron;20;59
20150622;1457;799349;7695278;MARBI LTDA.;1;amartucc;21;69
20150622;1457;799350;7695278;MARBI LTDA.;1;amartucc;21;69
20150622;1457;799351;7695278;MARBI LTDA.;1;amartucc;21;69
20150622;1457;799352;7695278;MARBI LTDA.;1;amartucc;21;69
20150622;1457;799353;7695278;MARBI LTDA.;1;amartucc;21;69
20150622;1457;799354;7695278;MARBI LTDA.;1;amartucc;21;69
20150622;1457;799355;7695278;MARBI LTDA.;1;amartucc;21;69
20150622;1457;799356;7695278;MARBI LTDA.;1;amartucc;21;69
20150622;1457;799367;7695278;MARBI LTDA.;1;amartucc;21;69
20150622;1457;799368;7695278;MARBI LTDA.;1;amartucc;21;69
20150622;1457;799369;7695278;MARBI LTDA.;1;amartucc;21;69
20150622;1457;799390;7695278;MARBI LTDA.;1;amartucc;21;69
